S.No,Enquires From,Location,Lead Status
1,Harish,Paris,Booked
2,Deepak,Tokyo,Details Shared
3,David,Madurai,Booked
4,Priya,Maldives,Followup
5,Vijay,Madurai,Followup
6,Liam,Toronto,Lead Closed
7,Harish,New York,Not Interested
8,Prabhu,Kottayam,Followup
9,Sathya,Chennai,Not Interested
10,Divya,Trichy,Booked
11,Priya,Kottayam,Details Shared
12,Sophia,Chennai,Lead Closed
13,Emily,Madurai,Booked
14,Prabhu,Tirunelveli,Not Interested
15,Deepak,Bangkok,Not Interested
16,Sathya,London,Booked
17,Anitha,Sydney,Booked
18,Ramesh,Singapore,Not Interested
19,David,Paris,Followup
20,Saravanan,Kottayam,Not Interested
21,Liam,Toronto,Followup
22,Lakshmi,Thiruvananthapuram,Details Shared
23,Arun,Toronto,Followup
24,Emma,Tirunelveli,Details Shared
25,Anitha,Kochi,Followup
26,Vijay,Maldives,Details Shared
27,Michael,Maldives,Booked
28,Olivia,Tirunelveli,Lead Closed
29,Sophia,London,Booked
30,Emma,Chennai,Booked
31,David,Dubai,Not Interested
32,Divya,Tokyo,Details Shared
33,Meena,Dubai,Followup
34,Harish,Toronto,Not Interested
35,Deepak,Chennai,Details Shared
36,John,Sydney,Booked
37,Lakshmi,Chennai,Booked
38,Emily,Singapore,Lead Closed
39,Divya,Tirunelveli,Not Interested
40,David,Chennai,Lead Closed
41,Muthu,London,Details Shared
42,Manoj,Erode,Details Shared
43,Chris,Paris,Booked
44,Lakshmi,Calicut,Followup
45,Revathi,Tokyo,Not Interested
46,Emily,Sydney,Followup
47,Emma,Dubai,Followup
48,Michael,Maldives,Lead Closed
49,Anitha,Tokyo,Lead Closed
50,Emily,Bangkok,Booked
51,Suresh,Erode,Booked
52,Ramesh,Kottayam,Not Interested
53,Anitha,Tokyo,Lead Closed
54,Olivia,Chennai,Details Shared
55,Priya,Singapore,Followup
56,Sophia,Trichy,Followup
57,Harish,Coimbatore,Booked
58,Saravanan,Kochi,Followup
59,David,Sydney,Lead Closed
60,Michael,Thiruvananthapuram,Lead Closed
61,Muthu,Trichy,Lead Closed
62,Ramesh,Bangkok,Lead Closed
63,Meena,Bangkok,Not Interested
64,Revathi,London,Booked
65,Saravanan,New York,Lead Closed
66,Isabella,Coimbatore,Booked
67,Gokul,Thiruvananthapuram,Lead Closed
68,Isabella,Toronto,Not Interested
69,Anitha,Tirunelveli,Details Shared
70,Lakshmi,Singapore,Booked
71,Priya,Kottayam,Booked
72,Emily,Madurai,Details Shared
73,Deepak,Toronto,Details Shared
74,Chris,Chennai,Lead Closed
75,Saravanan,Sydney,Details Shared
76,Liam,New York,Followup
77,Sophia,Tokyo,Followup
78,Michael,Paris,Details Shared
79,Olivia,Singapore,Followup
80,Vijay,Bangkok,Booked
81,Muthu,Bangkok,Details Shared
82,Meena,Bangkok,Details Shared
83,Harish,Calicut,Not Interested
84,Sophia,Chennai,Details Shared
85,Chris,Madurai,Not Interested
86,Manoj,Bangkok,Followup
87,Emily,Coimbatore,Not Interested
88,Emma,Bangkok,Not Interested
89,Saravanan,Kochi,Booked
90,Karthik,Sydney,Details Shared
91,Vijay,Calicut,Not Interested
92,Gokul,Dubai,Lead Closed
93,Suresh,Singapore,Lead Closed
94,Revathi,Tirunelveli,Booked
95,Chris,Kochi,Lead Closed
96,Prabhu,Chennai,Details Shared
97,Emily,Dubai,Details Shared
98,John,Sydney,Booked
99,Prabhu,Chennai,Lead Closed
100,Revathi,Coimbatore,Booked
101,Ramesh,Tirunelveli,Details Shared
102,Prabhu,Madurai,Not Interested
103,Lakshmi,Madurai,Details Shared
104,Sophia,London,Followup
105,Manoj,Erode,Followup
106,Nandhini,Paris,Details Shared
107,Manoj,Calicut,Details Shared
108,Meena,Erode,Lead Closed
109,Divya,Trichy,Booked
110,Muthu,London,Details Shared
111,Saravanan,London,Booked
112,Nandhini,Sydney,Not Interested
113,Sathya,Bangkok,Lead Closed
114,Sophia,London,Not Interested
115,Manoj,Paris,Followup
116,Suresh,Tirunelveli,Not Interested
117,Chris,Calicut,Booked
118,Chris,Bangkok,Not Interested
119,Sathya,Tirunelveli,Not Interested
120,Emily,Chennai,Followup
121,Prabhu,Thiruvananthapuram,Followup
122,Vijay,New York,Not Interested
123,Sophia,Sydney,Lead Closed
124,Muthu,Kottayam,Booked
125,Divya,Tirunelveli,Lead Closed
126,Emma,Tokyo,Followup
127,Manoj,London,Followup
128,Emma,Tirunelveli,Lead Closed
129,Chris,Tirunelveli,Details Shared
130,Sathya,Chennai,Details Shared
131,Lakshmi,Calicut,Not Interested
132,Suresh,Sydney,Followup
133,Ramesh,Coimbatore,Not Interested
134,Gokul,Coimbatore,Booked
135,John,Singapore,Booked
136,Deepak,Erode,Details Shared
137,Revathi,Erode,Lead Closed
138,Olivia,Madurai,Booked
139,Liam,Erode,Booked
140,Emily,Madurai,Lead Closed
141,Meena,Maldives,Details Shared
142,Nandhini,Calicut,Details Shared
143,Karthik,Coimbatore,Lead Closed
144,Meena,Kottayam,Not Interested
145,Harish,Tirunelveli,Followup
146,Olivia,Kottayam,Not Interested
147,Ramesh,Sydney,Followup
148,Deepak,Trichy,Followup
149,Arun,Bangkok,Details Shared
150,Priya,Tokyo,Not Interested
151,Isabella,Calicut,Followup
152,Emma,Coimbatore,Followup
153,Anitha,Toronto,Lead Closed
154,Harish,Tokyo,Booked
155,Lakshmi,Calicut,Details Shared
156,Deepak,Calicut,Not Interested
157,Divya,Kottayam,Details Shared
158,Deepak,Maldives,Followup
159,Revathi,Tirunelveli,Booked
160,Saravanan,Thiruvananthapuram,Details Shared
161,Vijay,Maldives,Lead Closed
162,Karthik,Madurai,Followup
163,Saravanan,Kottayam,Not Interested
164,Divya,Maldives,Followup
165,Gokul,Tokyo,Not Interested
166,Emma,Paris,Not Interested
167,Anitha,Maldives,Booked
168,Gokul,New York,Not Interested
169,Emma,Erode,Details Shared
170,Ramesh,Erode,Booked
171,Divya,Erode,Followup
172,Chris,Calicut,Booked
173,Anitha,Kochi,Not Interested
174,Emily,Singapore,Details Shared
175,Ramesh,Kottayam,Details Shared
176,Karthik,Dubai,Followup
177,Karthik,Tirunelveli,Booked
178,Ramesh,Chennai,Followup
179,Michael,Paris,Not Interested
180,Emily,Paris,Not Interested
181,Nandhini,Bangkok,Not Interested
182,Emily,Coimbatore,Details Shared
183,Emma,Tirunelveli,Details Shared
184,Gokul,London,Not Interested
185,Manoj,Toronto,Booked
186,Prabhu,Tokyo,Lead Closed
187,Vijay,Toronto,Details Shared
188,Meena,Toronto,Booked
189,Prabhu,Toronto,Booked
190,Isabella,Chennai,Lead Closed
191,Priya,New York,Not Interested
192,Sathya,Thiruvananthapuram,Not Interested
193,Karthik,Tirunelveli,Lead Closed
194,Emily,Trichy,Details Shared
195,Anitha,Chennai,Details Shared
196,Michael,Kottayam,Booked
197,David,Paris,Followup
198,Chris,Thiruvananthapuram,Followup
199,Michael,London,Not Interested
200,Harish,Sydney,Lead Closed
201,Chris,Chennai,Booked
202,Emily,Bangkok,Lead Closed
203,Gokul,Trichy,Not Interested
204,Vijay,Dubai,Followup
205,David,Chennai,Not Interested
206,Chris,Singapore,Lead Closed
207,Revathi,London,Booked
208,Nandhini,Toronto,Not Interested
209,Revathi,Bangkok,Not Interested
210,Sathya,Tirunelveli,Followup
211,Arun,Bangkok,Details Shared
212,David,Chennai,Followup
213,Muthu,Kottayam,Not Interested
214,Arun,Erode,Lead Closed
215,Nandhini,Tirunelveli,Followup
216,Meena,Calicut,Booked
217,Revathi,Madurai,Lead Closed
218,Harish,Trichy,Booked
219,Nandhini,Erode,Lead Closed
220,Isabella,Maldives,Followup
221,Manoj,Erode,Not Interested
222,Meena,Kottayam,Booked
223,Sathya,Chennai,Lead Closed
224,Olivia,Bangkok,Details Shared
225,Karthik,Calicut,Followup
226,Prabhu,New York,Booked
227,John,Kochi,Not Interested
228,Sophia,Thiruvananthapuram,Booked
229,Meena,Trichy,Lead Closed
230,Prabhu,Toronto,Lead Closed
231,Emma,Sydney,Lead Closed
232,David,Maldives,Not Interested
233,Isabella,Kochi,Followup
234,Ramesh,Paris,Followup
235,Suresh,Kochi,Followup
236,Prabhu,Trichy,Lead Closed
237,Isabella,Toronto,Booked
238,Suresh,Kochi,Booked
239,Sophia,Erode,Details Shared
240,Saravanan,London,Not Interested
241,Anitha,Kochi,Lead Closed
242,Gokul,Toronto,Details Shared
243,David,Bangkok,Not Interested
244,Meena,Kottayam,Details Shared
245,David,Sydney,Lead Closed
246,Anitha,Bangkok,Lead Closed
247,Prabhu,New York,Details Shared
248,Arun,Calicut,Followup
249,Muthu,Erode,Followup
250,Karthik,Tirunelveli,Lead Closed
251,Anitha,Paris,Booked
252,Divya,Tirunelveli,Lead Closed
253,Prabhu,Dubai,Not Interested
254,Divya,Kochi,Lead Closed
255,Suresh,Madurai,Booked
256,Vijay,Kottayam,Not Interested
257,John,Erode,Lead Closed
258,David,Sydney,Not Interested
259,Anitha,Tirunelveli,Followup
260,Divya,Erode,Details Shared
261,Karthik,Thiruvananthapuram,Details Shared
262,Arun,Tirunelveli,Not Interested
263,Divya,Singapore,Booked
264,Sophia,Sydney,Details Shared
265,Emma,Kochi,Details Shared
266,Emma,Chennai,Lead Closed
267,Manoj,New York,Followup
268,Olivia,Tokyo,Followup
269,David,Tirunelveli,Lead Closed
270,Olivia,Chennai,Booked
271,David,Singapore,Followup
272,Revathi,Calicut,Details Shared
273,Divya,London,Details Shared
274,Meena,Dubai,Lead Closed
275,Vijay,Calicut,Booked
276,Priya,Dubai,Booked
277,Meena,Madurai,Followup
278,Priya,New York,Details Shared
279,Emma,Maldives,Details Shared
280,Divya,Chennai,Booked
281,Deepak,Thiruvananthapuram,Booked
282,Prabhu,Kochi,Booked
283,Muthu,Madurai,Lead Closed
284,Divya,Tokyo,Not Interested
285,David,Kottayam,Lead Closed
286,Suresh,Sydney,Followup
287,Priya,Sydney,Not Interested
288,Sathya,Tirunelveli,Booked
289,Gokul,Singapore,Lead Closed
290,Emma,Calicut,Followup
291,Suresh,Trichy,Details Shared
292,Manoj,Tirunelveli,Not Interested
293,Manoj,Thiruvananthapuram,Details Shared
294,Divya,Tirunelveli,Not Interested
295,Emily,Dubai,Booked
296,David,Erode,Not Interested
297,Nandhini,Calicut,Details Shared
298,Arun,Trichy,Booked
299,Michael,New York,Lead Closed
300,Deepak,Calicut,Followup
301,Nandhini,Calicut,Booked
302,Ramesh,Coimbatore,Booked
303,Michael,Singapore,Not Interested
304,Saravanan,Dubai,Lead Closed
305,Karthik,Coimbatore,Details Shared
306,Anitha,Madurai,Booked
307,Divya,Maldives,Lead Closed
308,Manoj,Calicut,Not Interested
309,Divya,Paris,Followup
310,Karthik,Bangkok,Details Shared
311,Vijay,Bangkok,Booked
312,Anitha,Bangkok,Details Shared
313,Deepak,Paris,Not Interested
314,Karthik,Chennai,Lead Closed
315,Liam,Dubai,Booked
316,Saravanan,Tokyo,Details Shared
317,Nandhini,London,Not Interested
318,Emma,Singapore,Lead Closed
319,Muthu,Singapore,Followup
320,David,Chennai,Booked
321,Nandhini,Maldives,Lead Closed
322,Saravanan,Madurai,Followup
323,Nandhini,Paris,Details Shared
324,Sophia,Kottayam,Details Shared
325,Deepak,Maldives,Booked
326,Nandhini,Tirunelveli,Followup
327,Karthik,Kochi,Not Interested
328,Sophia,Coimbatore,Booked
329,Revathi,Sydney,Followup
330,Deepak,Calicut,Details Shared
331,Revathi,London,Followup
332,John,Coimbatore,Booked
333,Sathya,Trichy,Lead Closed
334,Nandhini,Singapore,Followup
335,Gokul,Calicut,Followup
336,Liam,Kottayam,Details Shared
337,Lakshmi,Tirunelveli,Followup
338,Lakshmi,Trichy,Followup
339,Saravanan,New York,Not Interested
340,Priya,Tokyo,Booked
341,Harish,Kottayam,Booked
342,Isabella,Thiruvananthapuram,Lead Closed
343,Ramesh,Chennai,Lead Closed
344,Emily,New York,Followup
345,Muthu,Chennai,Followup
346,Chris,New York,Details Shared
347,Arun,Kottayam,Followup
348,Michael,Erode,Details Shared
349,Harish,Chennai,Details Shared
350,John,Coimbatore,Followup
351,Revathi,Bangkok,Not Interested
352,Sophia,Toronto,Followup
353,Emily,Maldives,Lead Closed
354,Meena,Thiruvananthapuram,Details Shared
355,Deepak,Tirunelveli,Lead Closed
356,Isabella,Thiruvananthapuram,Followup
357,Vijay,Chennai,Booked
358,Muthu,Maldives,Details Shared
359,Suresh,Calicut,Not Interested
360,Isabella,Chennai,Followup
361,Manoj,Maldives,Not Interested
362,Gokul,Thiruvananthapuram,Followup
363,Emma,Erode,Booked
364,Prabhu,Erode,Booked
365,Nandhini,Calicut,Details Shared
366,Nandhini,Calicut,Details Shared
367,Lakshmi,Tokyo,Lead Closed
368,Meena,Kochi,Followup
369,Chris,Bangkok,Details Shared
370,Muthu,Kottayam,Booked
371,Manoj,Toronto,Not Interested
372,David,Tirunelveli,Lead Closed
373,Vijay,Tokyo,Followup
374,Nandhini,Paris,Lead Closed
375,Emily,Sydney,Details Shared
376,Lakshmi,New York,Followup
377,Arun,Tokyo,Not Interested
378,Emily,Calicut,Lead Closed
379,Chris,Calicut,Details Shared
380,Chris,Coimbatore,Not Interested
381,Manoj,Madurai,Not Interested
382,Anitha,Dubai,Followup
383,Arun,Tirunelveli,Followup
384,Saravanan,London,Details Shared
385,Olivia,Sydney,Booked
386,Manoj,Sydney,Lead Closed
387,Sophia,Tokyo,Followup
388,Chris,Tokyo,Booked
389,Isabella,Kochi,Lead Closed
390,Revathi,Calicut,Followup
391,Suresh,Tirunelveli,Details Shared
392,Olivia,Erode,Not Interested
393,Olivia,Chennai,Booked
394,Vijay,Coimbatore,Followup
395,Emma,Tokyo,Followup
396,Olivia,Toronto,Not Interested
397,John,Coimbatore,Details Shared
398,Liam,Paris,Not Interested
399,Gokul,Bangkok,Followup
400,John,Kochi,Lead Closed
401,Muthu,Tokyo,Details Shared
402,Liam,Coimbatore,Lead Closed
403,Lakshmi,Bangkok,Booked
404,Divya,Trichy,Lead Closed
405,Muthu,Paris,Booked
406,Revathi,Coimbatore,Details Shared
407,Nandhini,Calicut,Booked
408,Anitha,New York,Lead Closed
409,David,Madurai,Details Shared
410,Emma,Maldives,Followup
411,Prabhu,Trichy,Booked
412,Lakshmi,Kochi,Booked
413,Manoj,London,Booked
414,Divya,Bangkok,Lead Closed
415,John,Toronto,Lead Closed
416,Olivia,Erode,Followup
417,Nandhini,Sydney,Not Interested
418,Nandhini,Bangkok,Details Shared
419,Priya,Calicut,Not Interested
420,Priya,Chennai,Details Shared
421,Emma,Coimbatore,Followup
422,Harish,Toronto,Booked
423,Prabhu,Erode,Lead Closed
424,Gokul,Calicut,Followup
425,Vijay,Maldives,Lead Closed
426,John,Coimbatore,Booked
427,David,Thiruvananthapuram,Not Interested
428,Liam,London,Lead Closed
429,Emily,Toronto,Lead Closed
430,Sophia,Calicut,Lead Closed
431,Michael,Erode,Booked
432,Arun,Kottayam,Details Shared
433,Sathya,Tokyo,Not Interested
434,Sophia,London,Lead Closed
435,Revathi,Bangkok,Booked
436,Lakshmi,Toronto,Details Shared
437,Divya,Singapore,Not Interested
438,Prabhu,Coimbatore,Not Interested
439,Deepak,Bangkok,Lead Closed
440,Chris,Tirunelveli,Not Interested
441,Liam,Kottayam,Lead Closed
442,Isabella,Singapore,Booked
443,Isabella,Toronto,Details Shared
444,Michael,London,Booked
445,Gokul,Tirunelveli,Booked
446,Manoj,Chennai,Lead Closed
447,Gokul,Maldives,Followup
448,Liam,Erode,Booked
449,Divya,Tokyo,Followup
450,Chris,Erode,Booked
451,Gokul,Madurai,Details Shared
452,Deepak,Bangkok,Lead Closed
453,Isabella,Toronto,Followup
454,Meena,Kochi,Details Shared
455,Olivia,Trichy,Lead Closed
456,Suresh,Erode,Lead Closed
457,Karthik,Toronto,Followup
458,Olivia,Tirunelveli,Followup
459,Meena,Calicut,Not Interested
460,Arun,Toronto,Followup
461,Muthu,Toronto,Followup
462,Vijay,Madurai,Not Interested
463,Karthik,Toronto,Booked
464,Emma,Toronto,Not Interested
465,Michael,Singapore,Followup
466,Emily,Kochi,Lead Closed
467,Emily,Calicut,Lead Closed
468,Harish,Coimbatore,Not Interested
469,Suresh,Tirunelveli,Details Shared
470,Divya,Bangkok,Booked
471,Manoj,Bangkok,Followup
472,Deepak,Kottayam,Lead Closed
473,Suresh,Bangkok,Followup
474,Liam,Sydney,Lead Closed
475,Emily,Tirunelveli,Not Interested
476,Harish,Bangkok,Followup
477,Sathya,Tokyo,Lead Closed
478,Deepak,Toronto,Booked
479,Lakshmi,London,Booked
480,Harish,Bangkok,Details Shared
481,Chris,Madurai,Lead Closed
482,John,Tokyo,Lead Closed
483,Ramesh,Kochi,Details Shared
484,Olivia,Bangkok,Booked
485,Olivia,Tokyo,Details Shared
486,Liam,Toronto,Followup
487,Nandhini,Thiruvananthapuram,Followup
488,Saravanan,Maldives,Followup
489,Chris,Tirunelveli,Lead Closed
490,Priya,Kottayam,Not Interested
491,Chris,Calicut,Not Interested
492,Vijay,Dubai,Details Shared
493,Arun,Sydney,Details Shared
494,Liam,Tirunelveli,Lead Closed
495,Deepak,New York,Followup
496,Lakshmi,Calicut,Not Interested
497,Michael,Toronto,Details Shared
498,Michael,Maldives,Booked
499,Michael,Tirunelveli,Lead Closed
500,Chris,Chennai,Followup
501,Saravanan,Paris,Details Shared
502,John,Madurai,Followup
503,Liam,Kochi,Booked
504,David,Sydney,Details Shared
505,John,Singapore,Followup
506,Gokul,Kochi,Booked
507,Anitha,Sydney,Booked
508,Deepak,Toronto,Booked
509,Muthu,Sydney,Booked
510,Nandhini,Kottayam,Followup
511,Arun,Singapore,Booked
512,Anitha,Chennai,Followup
513,Manoj,Dubai,Lead Closed
514,Suresh,Thiruvananthapuram,Lead Closed
515,Michael,Thiruvananthapuram,Followup
516,Sathya,Kochi,Followup
517,Meena,Tokyo,Lead Closed
518,Nandhini,Paris,Details Shared
519,Nandhini,New York,Followup
520,Meena,Dubai,Details Shared
521,Anitha,Chennai,Lead Closed
522,Suresh,Trichy,Details Shared
523,Ramesh,Calicut,Details Shared
524,Anitha,Dubai,Followup
525,Manoj,Tirunelveli,Followup
526,Prabhu,Kottayam,Lead Closed
527,Emma,Bangkok,Details Shared
528,Divya,Tirunelveli,Details Shared
529,David,Kochi,Lead Closed
530,Isabella,New York,Not Interested
531,Manoj,Chennai,Not Interested
532,Ramesh,Chennai,Not Interested
533,Vijay,Calicut,Booked
534,Sophia,Calicut,Not Interested
535,John,Paris,Followup
536,Saravanan,Toronto,Lead Closed
537,Lakshmi,Maldives,Followup
538,Chris,New York,Details Shared
539,Ramesh,Tokyo,Lead Closed
540,Sophia,Toronto,Not Interested
541,Chris,Dubai,Booked
542,Anitha,Paris,Not Interested
543,Michael,Dubai,Followup
544,Karthik,Kottayam,Lead Closed
545,Vijay,Maldives,Details Shared
546,Karthik,Dubai,Not Interested
547,Emma,New York,Booked
548,Vijay,Madurai,Followup
549,Olivia,Chennai,Not Interested
550,Gokul,Chennai,Lead Closed
551,Olivia,Coimbatore,Details Shared
552,Divya,Dubai,Lead Closed
553,Harish,Kottayam,Followup
554,Liam,New York,Lead Closed
555,Liam,Erode,Details Shared
556,John,New York,Lead Closed
557,Sophia,Maldives,Details Shared
558,Meena,Dubai,Booked
559,Harish,Kochi,Lead Closed
560,Harish,Kottayam,Details Shared
561,John,Tirunelveli,Lead Closed
562,Arun,Coimbatore,Followup
563,Nandhini,Chennai,Lead Closed
564,Liam,Madurai,Lead Closed
565,Prabhu,Toronto,Not Interested
566,Lakshmi,Thiruvananthapuram,Not Interested
567,Saravanan,Coimbatore,Followup
568,Michael,Toronto,Details Shared
569,Harish,New York,Lead Closed
570,Liam,Maldives,Booked
571,Karthik,London,Lead Closed
572,Divya,Chennai,Lead Closed
573,Muthu,Erode,Followup
574,Isabella,Calicut,Not Interested
575,Muthu,Coimbatore,Followup
576,Isabella,New York,Followup
577,Arun,Kochi,Booked
578,Isabella,New York,Not Interested
579,Gokul,Kottayam,Not Interested
580,Saravanan,Toronto,Lead Closed
581,Ramesh,Calicut,Followup
582,Sathya,Trichy,Booked
583,John,Bangkok,Followup
584,Lakshmi,Toronto,Details Shared
585,Sathya,Singapore,Not Interested
586,Sophia,Coimbatore,Followup
587,Emma,Thiruvananthapuram,Not Interested
588,Suresh,Toronto,Details Shared
589,Nandhini,Thiruvananthapuram,Followup
590,Divya,Bangkok,Booked
591,Suresh,Calicut,Details Shared
592,Meena,Singapore,Lead Closed
593,Karthik,Tirunelveli,Booked
594,Prabhu,Tokyo,Booked
595,Chris,Tokyo,Not Interested
596,Emma,Calicut,Lead Closed
597,Vijay,Calicut,Not Interested
598,Saravanan,Tokyo,Not Interested
599,Emily,Dubai,Followup
600,Arun,Erode,Details Shared
601,Meena,Tokyo,Details Shared
602,Sophia,Sydney,Details Shared
603,Saravanan,Paris,Details Shared
604,Lakshmi,Tokyo,Lead Closed
605,Manoj,Madurai,Followup
606,Muthu,Chennai,Details Shared
607,David,Singapore,Details Shared
608,Vijay,Paris,Details Shared
609,Nandhini,Singapore,Followup
610,Ramesh,Coimbatore,Booked
611,Suresh,London,Not Interested
612,Sathya,Erode,Followup
613,Gokul,Sydney,Booked
614,Isabella,Dubai,Lead Closed
615,Meena,Kochi,Details Shared
616,Isabella,Calicut,Booked
617,Deepak,Bangkok,Booked
618,Harish,Maldives,Lead Closed
619,Revathi,Dubai,Not Interested
620,Sophia,Maldives,Not Interested
621,Anitha,Tirunelveli,Not Interested
622,David,Toronto,Booked
623,Harish,London,Followup
624,Harish,Trichy,Details Shared
625,Ramesh,Toronto,Details Shared
626,Revathi,Thiruvananthapuram,Followup
627,Emma,Sydney,Not Interested
628,Muthu,New York,Lead Closed
629,Gokul,Calicut,Followup
630,Sophia,Kochi,Booked
631,Prabhu,Sydney,Not Interested
632,Deepak,Chennai,Details Shared
633,Michael,Coimbatore,Lead Closed
634,Michael,Kochi,Lead Closed
635,Nandhini,Tokyo,Lead Closed
636,Isabella,Coimbatore,Lead Closed
637,Emily,Tokyo,Not Interested
638,Olivia,Trichy,Followup
639,Divya,Thiruvananthapuram,Lead Closed
640,Suresh,London,Details Shared
641,Emma,Coimbatore,Followup
642,Meena,Kottayam,Details Shared
643,Vijay,Paris,Followup
644,Revathi,Tirunelveli,Not Interested
645,Lakshmi,Coimbatore,Lead Closed
646,Ramesh,Thiruvananthapuram,Details Shared
647,Arun,Trichy,Details Shared
648,Muthu,Maldives,Not Interested
649,Isabella,Singapore,Details Shared
650,Sophia,Singapore,Details Shared
651,Michael,Maldives,Details Shared
652,Meena,Tokyo,Lead Closed
653,Michael,Singapore,Lead Closed
654,Isabella,Tokyo,Lead Closed
655,Arun,New York,Lead Closed
656,Isabella,Kottayam,Booked
657,Priya,Trichy,Lead Closed
658,Harish,Tirunelveli,Booked
659,Priya,Kottayam,Followup
660,Revathi,Tirunelveli,Details Shared
661,Emma,Kottayam,Booked
662,Prabhu,Thiruvananthapuram,Followup
663,Isabella,Madurai,Details Shared
664,Emma,New York,Followup
665,Meena,Madurai,Followup
666,Muthu,Thiruvananthapuram,Not Interested
667,Anitha,Tokyo,Details Shared
668,Isabella,Chennai,Details Shared
669,Manoj,Thiruvananthapuram,Details Shared
670,Anitha,Tokyo,Lead Closed
671,Emily,Erode,Not Interested
672,Ramesh,Toronto,Lead Closed
673,Arun,Bangkok,Lead Closed
674,Ramesh,Paris,Not Interested
675,Divya,New York,Booked
676,Vijay,Kochi,Booked
677,Manoj,Maldives,Details Shared
678,Karthik,Kochi,Booked
679,Ramesh,Toronto,Details Shared
680,Prabhu,Kottayam,Lead Closed
681,Meena,Sydney,Not Interested
682,Divya,Calicut,Not Interested
683,Emily,Sydney,Not Interested
684,Muthu,London,Not Interested
685,Deepak,New York,Details Shared
686,Meena,Maldives,Details Shared
687,Revathi,Tokyo,Lead Closed
688,Isabella,Madurai,Booked
689,Karthik,Trichy,Booked
690,Liam,Coimbatore,Not Interested
691,Vijay,Chennai,Followup
692,Vijay,Kottayam,Lead Closed
693,Liam,Tirunelveli,Lead Closed
694,Manoj,Dubai,Booked
695,Meena,Trichy,Details Shared
696,Chris,Tirunelveli,Not Interested
697,John,Kochi,Booked
698,Ramesh,Sydney,Booked
699,Emily,Thiruvananthapuram,Booked
700,Emma,Chennai,Followup
701,Manoj,Maldives,Details Shared
702,Prabhu,Paris,Lead Closed
703,Meena,Calicut,Booked
704,Muthu,Tirunelveli,Booked
705,Meena,Maldives,Booked
706,Muthu,Dubai,Details Shared
707,Ramesh,Trichy,Lead Closed
708,Harish,Kochi,Followup
709,Sathya,Singapore,Lead Closed
710,Liam,Madurai,Not Interested
711,Sathya,London,Booked
712,Sophia,Maldives,Followup
713,David,Calicut,Not Interested
714,Suresh,Paris,Not Interested
715,Prabhu,Tokyo,Followup
716,Manoj,Bangkok,Booked
717,Emma,New York,Details Shared
718,Deepak,Calicut,Followup
719,Prabhu,Kochi,Details Shared
720,Revathi,London,Details Shared
721,Lakshmi,Singapore,Booked
722,Vijay,Tirunelveli,Details Shared
723,Vijay,Maldives,Booked
724,Emily,Bangkok,Lead Closed
725,Isabella,Bangkok,Lead Closed
726,Olivia,Bangkok,Lead Closed
727,Divya,Toronto,Not Interested
728,Priya,Maldives,Lead Closed
729,Priya,Kochi,Details Shared
730,Divya,Trichy,Booked
731,David,Bangkok,Followup
732,Priya,Bangkok,Details Shared
733,Chris,New York,Not Interested
734,Meena,Sydney,Lead Closed
735,Gokul,Toronto,Followup
736,Priya,Calicut,Not Interested
737,Sophia,Maldives,Details Shared
738,Chris,Sydney,Lead Closed
739,Lakshmi,Kottayam,Lead Closed
740,Lakshmi,Thiruvananthapuram,Details Shared
741,Manoj,Paris,Details Shared
742,Sathya,Chennai,Not Interested
743,Olivia,Coimbatore,Details Shared
744,Olivia,Erode,Booked
745,Sathya,Maldives,Followup
746,Olivia,Chennai,Followup
747,Sathya,Madurai,Lead Closed
748,Priya,Toronto,Booked
749,Prabhu,Tokyo,Booked
750,Muthu,Tirunelveli,Not Interested
751,Harish,Thiruvananthapuram,Lead Closed
752,Michael,Calicut,Lead Closed
753,Arun,Calicut,Lead Closed
754,Lakshmi,Singapore,Not Interested
755,Ramesh,Tirunelveli,Followup
756,Anitha,Coimbatore,Booked
757,Sathya,Erode,Booked
758,Prabhu,Maldives,Booked
759,Revathi,Calicut,Details Shared
760,Priya,Trichy,Followup
761,Sathya,Chennai,Booked
762,Sathya,Bangkok,Details Shared
763,Nandhini,Coimbatore,Not Interested
764,Olivia,Kottayam,Details Shared
765,Prabhu,Coimbatore,Details Shared
766,Vijay,Kochi,Followup
767,Divya,Chennai,Booked
768,John,Madurai,Lead Closed
769,Sathya,Chennai,Not Interested
770,Isabella,Madurai,Lead Closed
771,Liam,Toronto,Lead Closed
772,David,London,Not Interested
773,Prabhu,Calicut,Not Interested
774,Emma,Tirunelveli,Followup
775,Michael,Singapore,Details Shared
776,Manoj,Kottayam,Details Shared
777,Manoj,Toronto,Not Interested
778,Olivia,Dubai,Details Shared
779,Chris,Calicut,Details Shared
780,Suresh,Calicut,Booked
781,Liam,Singapore,Followup
782,Harish,Tirunelveli,Booked
783,Priya,Tirunelveli,Followup
784,Prabhu,Dubai,Not Interested
785,Nandhini,Chennai,Not Interested
786,Meena,Erode,Details Shared
787,Sophia,Chennai,Details Shared
788,Arun,Chennai,Not Interested
789,Revathi,Dubai,Lead Closed
790,Meena,Kochi,Details Shared
791,Ramesh,London,Not Interested
792,Nandhini,Kottayam,Details Shared
793,Priya,Chennai,Lead Closed
794,Deepak,Sydney,Followup
795,Manoj,Kottayam,Details Shared
796,Arun,Dubai,Followup
797,Manoj,Sydney,Details Shared
798,Ramesh,Kochi,Followup
799,Muthu,Singapore,Not Interested
800,Harish,Singapore,Lead Closed
801,Nandhini,New York,Details Shared
802,Saravanan,Calicut,Followup
803,David,Madurai,Not Interested
804,Saravanan,Paris,Followup
805,Liam,New York,Followup
806,Deepak,Sydney,Details Shared
807,Priya,Erode,Not Interested
808,Arun,Bangkok,Followup
809,Nandhini,Erode,Not Interested
810,Revathi,Madurai,Not Interested
811,Suresh,Singapore,Details Shared
812,Prabhu,New York,Lead Closed
813,Deepak,Trichy,Followup
814,Harish,Bangkok,Lead Closed
815,Sathya,Sydney,Details Shared
816,Gokul,Madurai,Details Shared
817,Sophia,Thiruvananthapuram,Not Interested
818,Michael,Sydney,Booked
819,Emma,Kottayam,Followup
820,Ramesh,Chennai,Not Interested
821,Emma,Toronto,Details Shared
822,Chris,Thiruvananthapuram,Followup
823,Nandhini,Dubai,Followup
824,Deepak,Tokyo,Details Shared
825,Manoj,Thiruvananthapuram,Lead Closed
826,Michael,Sydney,Not Interested
827,Ramesh,Madurai,Not Interested
828,Meena,Singapore,Details Shared
829,Karthik,Trichy,Lead Closed
830,Meena,Erode,Details Shared
831,Gokul,Trichy,Not Interested
832,Ramesh,Maldives,Not Interested
833,Divya,Chennai,Booked
834,Sophia,Erode,Lead Closed
835,Muthu,Toronto,Not Interested
836,Anitha,Maldives,Details Shared
837,Nandhini,New York,Followup
838,Suresh,Madurai,Details Shared
839,Isabella,Coimbatore,Details Shared
840,David,Trichy,Not Interested
841,John,Toronto,Booked
842,Sophia,Kottayam,Lead Closed
843,Emily,Maldives,Not Interested
844,Deepak,Thiruvananthapuram,Lead Closed
845,Muthu,London,Followup
846,Suresh,Tirunelveli,Not Interested
847,Harish,Bangkok,Not Interested
848,Arun,Kottayam,Details Shared
849,Chris,Toronto,Not Interested
850,Ramesh,New York,Details Shared
851,Priya,Singapore,Not Interested
852,Anitha,Bangkok,Not Interested
853,Meena,New York,Booked
854,Arun,Chennai,Followup
855,Divya,Maldives,Not Interested
856,Gokul,Paris,Not Interested
857,Suresh,Sydney,Followup
858,Anitha,Calicut,Not Interested
859,Chris,Chennai,Lead Closed
860,Revathi,Kottayam,Not Interested
861,Chris,Toronto,Followup
862,John,New York,Details Shared
863,Anitha,New York,Not Interested
864,Anitha,Singapore,Not Interested
865,Emily,Singapore,Details Shared
866,Manoj,Dubai,Details Shared
867,Karthik,Coimbatore,Details Shared
868,Divya,Calicut,Lead Closed
869,Suresh,London,Lead Closed
870,Prabhu,Erode,Booked
871,Isabella,Tokyo,Details Shared
872,Karthik,Madurai,Followup
873,Divya,London,Not Interested
874,Vijay,Madurai,Details Shared
875,Sathya,Maldives,Details Shared
876,Emily,Thiruvananthapuram,Booked
877,Anitha,Paris,Booked
878,Nandhini,Singapore,Followup
879,Sophia,Dubai,Followup
880,Divya,Coimbatore,Lead Closed
881,Vijay,Maldives,Lead Closed
882,Manoj,Madurai,Not Interested
883,Sathya,Dubai,Details Shared
884,Arun,Erode,Booked
885,Olivia,Sydney,Details Shared
886,Karthik,Paris,Details Shared
887,Deepak,Bangkok,Lead Closed
888,Deepak,Bangkok,Followup
889,Karthik,Erode,Followup
890,Sathya,Madurai,Booked
891,Revathi,Tirunelveli,Details Shared
892,Prabhu,Tirunelveli,Followup
893,Harish,Maldives,Details Shared
894,Nandhini,Bangkok,Lead Closed
895,David,New York,Booked
896,Deepak,Tirunelveli,Details Shared
897,Isabella,Trichy,Not Interested
898,David,Singapore,Followup
899,Suresh,Thiruvananthapuram,Details Shared
900,Isabella,Kottayam,Booked
901,David,London,Followup
902,Divya,Calicut,Not Interested
903,Liam,Tirunelveli,Lead Closed
904,Priya,Paris,Followup
905,Divya,Kochi,Followup
906,David,Paris,Booked
907,Karthik,Tokyo,Details Shared
908,Lakshmi,Madurai,Followup
909,Ramesh,Singapore,Lead Closed
910,Deepak,Coimbatore,Lead Closed
911,Suresh,Sydney,Details Shared
912,Harish,Coimbatore,Lead Closed
913,Karthik,Calicut,Details Shared
914,Arun,Thiruvananthapuram,Booked
915,Manoj,Thiruvananthapuram,Lead Closed
916,Divya,Dubai,Booked
917,John,Tokyo,Booked
918,David,Kottayam,Lead Closed
919,Meena,Chennai,Booked
920,Karthik,Calicut,Details Shared
921,Arun,Tirunelveli,Not Interested
922,Manoj,Maldives,Not Interested
923,David,New York,Not Interested
924,Sathya,Dubai,Lead Closed
925,Priya,Singapore,Details Shared
926,Sathya,New York,Not Interested
927,Muthu,Toronto,Details Shared
928,Emily,Paris,Not Interested
929,Arun,Chennai,Followup
930,John,Toronto,Not Interested
931,Manoj,Dubai,Lead Closed
932,Revathi,Calicut,Followup
933,Nandhini,Madurai,Lead Closed
934,Chris,New York,Not Interested
935,Saravanan,Kochi,Not Interested
936,Emma,Bangkok,Details Shared
937,Chris,Singapore,Not Interested
938,Nandhini,Thiruvananthapuram,Not Interested
939,Nandhini,Sydney,Followup
940,Deepak,Calicut,Lead Closed
941,Harish,Chennai,Not Interested
942,Revathi,Erode,Not Interested
943,John,Erode,Followup
944,Nandhini,Bangkok,Booked
945,Olivia,Madurai,Not Interested
946,David,Paris,Lead Closed
947,Michael,Bangkok,Not Interested
948,Sophia,Madurai,Booked
949,Sophia,Madurai,Booked
950,Ramesh,Toronto,Lead Closed
951,Revathi,Sydney,Details Shared
952,Muthu,Tokyo,Followup
953,John,Chennai,Lead Closed
954,Revathi,Chennai,Followup
955,Sathya,London,Followup
956,Liam,Trichy,Booked
957,Divya,London,Lead Closed
958,Lakshmi,London,Followup
959,Liam,Singapore,Booked
960,Liam,Erode,Booked
961,John,London,Not Interested
962,Priya,Coimbatore,Booked
963,Karthik,Tirunelveli,Booked
964,Vijay,Dubai,Followup
965,Liam,Kochi,Followup
966,Manoj,Chennai,Lead Closed
967,Liam,Coimbatore,Booked
968,Karthik,Dubai,Followup
969,Sathya,Tirunelveli,Not Interested
970,Olivia,Calicut,Lead Closed
971,Deepak,Coimbatore,Details Shared
972,Priya,New York,Not Interested
973,Olivia,New York,Details Shared
974,Revathi,Tirunelveli,Not Interested
975,Liam,Chennai,Booked
976,Karthik,Tirunelveli,Details Shared
977,Nandhini,Toronto,Not Interested
978,Emily,Calicut,Booked
979,Chris,Kottayam,Followup
980,Olivia,Paris,Not Interested
981,Muthu,Paris,Details Shared
982,Prabhu,Erode,Followup
983,Chris,London,Lead Closed
984,Muthu,Dubai,Not Interested
985,Nandhini,New York,Not Interested
986,Muthu,Tokyo,Lead Closed
987,Michael,Erode,Lead Closed
988,Manoj,Sydney,Lead Closed
989,Anitha,Maldives,Booked
990,Ramesh,Calicut,Details Shared
991,Nandhini,Toronto,Not Interested
992,Gokul,Tokyo,Details Shared
993,Sathya,Maldives,Details Shared
994,Muthu,London,Details Shared
995,Gokul,Paris,Details Shared
996,Meena,Calicut,Lead Closed
997,Vijay,Coimbatore,Followup
998,Arun,Kochi,Not Interested
999,Emma,Toronto,Lead Closed
1000,John,Trichy,Not Interested
1001,Olivia,Tirunelveli,Details Shared
1002,Isabella,Kochi,Not Interested
1003,Karthik,Kottayam,Details Shared
1004,Emily,Thiruvananthapuram,Not Interested
1005,Emma,Kochi,Booked
1006,Prabhu,Sydney,Not Interested
1007,David,Erode,Not Interested
1008,Vijay,Singapore,Not Interested
1009,Emma,Bangkok,Booked
1010,Priya,Calicut,Lead Closed
1011,Lakshmi,Chennai,Booked
1012,Sathya,Kochi,Not Interested
1013,Sathya,Sydney,Followup
1014,Divya,Coimbatore,Details Shared
1015,Prabhu,Dubai,Details Shared
1016,Sathya,Erode,Booked
1017,Ramesh,Tirunelveli,Details Shared
1018,Suresh,Maldives,Booked
1019,Gokul,Thiruvananthapuram,Lead Closed
1020,Prabhu,Coimbatore,Details Shared
1021,Emily,Maldives,Lead Closed
1022,Lakshmi,Calicut,Lead Closed
1023,Divya,Erode,Details Shared
1024,Anitha,Thiruvananthapuram,Booked
1025,Michael,Madurai,Lead Closed
1026,Prabhu,Thiruvananthapuram,Not Interested
1027,Isabella,Singapore,Lead Closed
1028,Arun,Maldives,Followup
1029,Vijay,Coimbatore,Booked
1030,Divya,Sydney,Lead Closed
1031,Sophia,Calicut,Details Shared
1032,Gokul,Madurai,Followup
1033,Chris,Thiruvananthapuram,Followup
1034,Gokul,Madurai,Not Interested
1035,Lakshmi,Singapore,Booked
1036,Revathi,Tirunelveli,Not Interested
1037,Muthu,Paris,Booked
1038,Anitha,Kottayam,Booked
1039,Ramesh,Dubai,Booked
1040,David,Kottayam,Followup
1041,Olivia,Erode,Not Interested
1042,Revathi,Dubai,Followup
1043,Gokul,Sydney,Details Shared
1044,Liam,Toronto,Followup
1045,Meena,Maldives,Details Shared
1046,Arun,Kochi,Followup
1047,Sophia,Maldives,Not Interested
1048,Lakshmi,Bangkok,Lead Closed
1049,Revathi,Dubai,Details Shared
1050,Sophia,Kochi,Not Interested
1051,Emma,Sydney,Followup
1052,David,Singapore,Lead Closed
1053,Emily,Kochi,Lead Closed
1054,Suresh,Dubai,Lead Closed
1055,Emily,Kochi,Booked
1056,Olivia,Tokyo,Not Interested
1057,Divya,Bangkok,Details Shared
1058,Emily,Dubai,Booked
1059,Suresh,Tokyo,Booked
1060,Nandhini,Kochi,Details Shared
1061,Revathi,Thiruvananthapuram,Lead Closed
1062,Harish,Maldives,Not Interested
1063,Sophia,Calicut,Not Interested
1064,Deepak,Kottayam,Followup
1065,Meena,London,Not Interested
1066,Emily,Trichy,Details Shared
1067,Isabella,Singapore,Details Shared
1068,Emily,Madurai,Not Interested
1069,Liam,Kottayam,Lead Closed
1070,Divya,Kochi,Booked
1071,Nandhini,Tokyo,Followup
1072,Saravanan,Chennai,Not Interested
1073,Vijay,Thiruvananthapuram,Not Interested
1074,Revathi,Calicut,Booked
1075,David,Erode,Not Interested
1076,Vijay,Toronto,Details Shared
1077,Harish,Kottayam,Not Interested
1078,Priya,Maldives,Booked
1079,Arun,Thiruvananthapuram,Details Shared
1080,Lakshmi,Kottayam,Lead Closed
1081,Michael,Madurai,Lead Closed
1082,Suresh,New York,Details Shared
1083,Revathi,Singapore,Lead Closed
1084,Chris,Kochi,Followup
1085,Anitha,Singapore,Lead Closed
1086,Sophia,Toronto,Lead Closed
1087,Harish,Tokyo,Not Interested
1088,John,Toronto,Booked
1089,Meena,Toronto,Followup
1090,Arun,Sydney,Details Shared
1091,Arun,Trichy,Details Shared
1092,Sophia,London,Booked
1093,Vijay,Erode,Not Interested
1094,Emma,London,Followup
1095,Harish,New York,Not Interested
1096,Revathi,Singapore,Details Shared
1097,Harish,Coimbatore,Followup
1098,Sathya,Tirunelveli,Not Interested
1099,Suresh,Paris,Lead Closed
1100,Manoj,Kottayam,Details Shared
1101,Karthik,Erode,Lead Closed
1102,Karthik,Sydney,Lead Closed
1103,Isabella,Maldives,Details Shared
1104,Sathya,Calicut,Booked
1105,Olivia,Tokyo,Lead Closed
1106,Michael,Bangkok,Followup
1107,Gokul,Paris,Booked
1108,Anitha,Tirunelveli,Followup
1109,Muthu,London,Details Shared
1110,Isabella,Kochi,Followup
1111,Michael,Maldives,Not Interested
1112,Sathya,Madurai,Not Interested
1113,Prabhu,Tokyo,Booked
1114,Muthu,Sydney,Details Shared
1115,Michael,Sydney,Lead Closed
1116,Michael,Singapore,Lead Closed
1117,Gokul,Coimbatore,Details Shared
1118,Anitha,Tokyo,Followup
1119,Nandhini,London,Booked
1120,Sophia,Bangkok,Details Shared
1121,Lakshmi,Erode,Not Interested
1122,Liam,Paris,Details Shared
1123,Nandhini,Chennai,Followup
1124,Muthu,Madurai,Booked
1125,Deepak,Trichy,Details Shared
1126,Emma,New York,Not Interested
1127,Lakshmi,Chennai,Lead Closed
1128,Liam,Maldives,Not Interested
1129,Vijay,Coimbatore,Not Interested
1130,Suresh,Bangkok,Lead Closed
1131,Manoj,Kottayam,Details Shared
1132,Vijay,Madurai,Details Shared
1133,Manoj,London,Lead Closed
1134,Arun,Paris,Details Shared
1135,Emily,Singapore,Details Shared
1136,Michael,Paris,Followup
1137,Manoj,London,Lead Closed
1138,Prabhu,Maldives,Booked
1139,Anitha,New York,Booked
1140,Nandhini,New York,Followup
1141,Deepak,Thiruvananthapuram,Details Shared
1142,Chris,Thiruvananthapuram,Booked
1143,Lakshmi,Tokyo,Lead Closed
1144,Muthu,Dubai,Details Shared
1145,Olivia,Maldives,Lead Closed
1146,Sophia,Coimbatore,Followup
1147,Karthik,Paris,Lead Closed
1148,Michael,Singapore,Details Shared
1149,Nandhini,Maldives,Not Interested
1150,Nandhini,Chennai,Lead Closed
1151,Divya,Coimbatore,Lead Closed
1152,Divya,Chennai,Not Interested
1153,Priya,New York,Details Shared
1154,Michael,Sydney,Details Shared
1155,Chris,Tokyo,Lead Closed
1156,Nandhini,Toronto,Details Shared
1157,Divya,Chennai,Not Interested
1158,Prabhu,Dubai,Not Interested
1159,Ramesh,Singapore,Not Interested
1160,Emma,Tirunelveli,Lead Closed
1161,Deepak,Coimbatore,Lead Closed
1162,Lakshmi,Tokyo,Lead Closed
1163,Manoj,Madurai,Followup
1164,Gokul,London,Booked
1165,Suresh,Kochi,Details Shared
1166,Harish,Kottayam,Followup
1167,Meena,Singapore,Booked
1168,Prabhu,Tokyo,Followup
1169,Divya,Sydney,Lead Closed
1170,Emily,Calicut,Details Shared
1171,Manoj,Tirunelveli,Details Shared
1172,Vijay,Tokyo,Booked
1173,Gokul,Paris,Followup
1174,Priya,Chennai,Followup
1175,Emma,Madurai,Not Interested
1176,Manoj,New York,Booked
1177,Michael,Dubai,Lead Closed
1178,Harish,Trichy,Lead Closed
1179,Revathi,Maldives,Booked
1180,Ramesh,New York,Details Shared
1181,Vijay,Sydney,Details Shared
1182,Sathya,Madurai,Not Interested
1183,John,Sydney,Lead Closed
1184,Karthik,Thiruvananthapuram,Followup
1185,Priya,Coimbatore,Followup
1186,Suresh,Madurai,Followup
1187,Muthu,Kottayam,Followup
1188,Michael,New York,Details Shared
1189,Meena,London,Booked
1190,Ramesh,Erode,Booked
1191,Michael,Kochi,Followup
1192,Karthik,Maldives,Booked
1193,Anitha,Tokyo,Followup
1194,Arun,Kochi,Booked
1195,Suresh,Madurai,Lead Closed
1196,Vijay,Singapore,Followup
1197,Nandhini,Erode,Not Interested
1198,Harish,Kottayam,Lead Closed
1199,Vijay,Kottayam,Not Interested
1200,Priya,Sydney,Details Shared
1201,Emily,Kottayam,Booked
1202,Suresh,Singapore,Lead Closed
1203,Harish,Tirunelveli,Followup
1204,Muthu,Tokyo,Booked
1205,Vijay,New York,Followup
1206,Nandhini,Calicut,Booked
1207,Lakshmi,Bangkok,Lead Closed
1208,Emily,Bangkok,Booked
1209,Divya,New York,Booked
1210,Emily,Trichy,Lead Closed
1211,Vijay,Tokyo,Lead Closed
1212,Vijay,Calicut,Lead Closed
1213,Muthu,Trichy,Lead Closed
1214,Vijay,Dubai,Not Interested
1215,Vijay,Singapore,Not Interested
1216,Gokul,Paris,Followup
1217,Sathya,Singapore,Booked
1218,Sathya,Madurai,Not Interested
1219,Prabhu,Madurai,Lead Closed
1220,Manoj,Chennai,Lead Closed
1221,Ramesh,Calicut,Details Shared
1222,Revathi,Tokyo,Not Interested
1223,Saravanan,Coimbatore,Booked
1224,Emma,London,Booked
1225,Lakshmi,Singapore,Followup
1226,Chris,Singapore,Followup
1227,David,Kochi,Followup
1228,Gokul,Trichy,Followup
1229,Isabella,Sydney,Followup
1230,Sophia,Erode,Booked
1231,Emily,Sydney,Lead Closed
1232,Anitha,New York,Not Interested
1233,Prabhu,Madurai,Followup
1234,Revathi,Calicut,Booked
1235,Sophia,Trichy,Not Interested
1236,Muthu,Chennai,Details Shared
1237,Arun,Kochi,Booked
1238,Isabella,Toronto,Details Shared
1239,Sophia,Paris,Lead Closed
1240,Karthik,Paris,Details Shared
1241,Muthu,London,Details Shared
1242,Emily,Kottayam,Not Interested
1243,Sathya,Dubai,Followup
1244,David,Calicut,Followup
1245,Deepak,Paris,Details Shared
1246,Suresh,Kochi,Booked
1247,Anitha,Calicut,Details Shared
1248,Suresh,Maldives,Details Shared
1249,Prabhu,Calicut,Not Interested
1250,Vijay,New York,Not Interested
1251,Gokul,Madurai,Followup
1252,Saravanan,Tirunelveli,Details Shared
1253,Priya,New York,Booked
1254,Deepak,Bangkok,Lead Closed
1255,Meena,Coimbatore,Lead Closed
1256,Isabella,Bangkok,Details Shared
1257,Manoj,London,Lead Closed
1258,Vijay,Thiruvananthapuram,Details Shared
1259,Divya,Maldives,Not Interested
1260,Lakshmi,Coimbatore,Followup
1261,Isabella,Toronto,Not Interested
1262,Saravanan,Calicut,Lead Closed
1263,John,Toronto,Not Interested
1264,Lakshmi,Dubai,Lead Closed
1265,David,London,Lead Closed
1266,Emma,New York,Not Interested
1267,Gokul,Dubai,Lead Closed
1268,Emily,Tokyo,Followup
1269,Revathi,Maldives,Booked
1270,Arun,Kottayam,Not Interested
1271,David,Tirunelveli,Booked
1272,Emma,London,Booked
1273,Prabhu,Chennai,Booked
1274,Divya,London,Not Interested
1275,Saravanan,Thiruvananthapuram,Booked
1276,Anitha,Madurai,Details Shared
1277,Meena,Tokyo,Booked
1278,John,Trichy,Followup
1279,Deepak,Tokyo,Booked
1280,Chris,Calicut,Details Shared
1281,Deepak,Erode,Not Interested
1282,Priya,Dubai,Booked
1283,John,Kochi,Details Shared
1284,Sophia,Trichy,Not Interested
1285,Michael,Sydney,Lead Closed
1286,Ramesh,Bangkok,Details Shared
1287,Vijay,Maldives,Booked
1288,Meena,Trichy,Booked
1289,Nandhini,London,Not Interested
1290,Lakshmi,Chennai,Not Interested
1291,Gokul,Toronto,Not Interested
1292,Michael,Coimbatore,Followup
1293,Meena,Erode,Details Shared
1294,Chris,Trichy,Details Shared
1295,Harish,Singapore,Lead Closed
1296,Sathya,Coimbatore,Followup
1297,Sophia,Bangkok,Not Interested
1298,David,Thiruvananthapuram,Not Interested
1299,Ramesh,Dubai,Lead Closed
1300,Karthik,Thiruvananthapuram,Not Interested
1301,Vijay,Sydney,Lead Closed
1302,Michael,New York,Not Interested
1303,Lakshmi,Tirunelveli,Details Shared
1304,Saravanan,Tokyo,Booked
1305,Sophia,Coimbatore,Details Shared
1306,David,Dubai,Followup
1307,Revathi,Thiruvananthapuram,Booked
1308,Suresh,Thiruvananthapuram,Lead Closed
1309,Chris,Toronto,Lead Closed
1310,David,Sydney,Booked
1311,Olivia,Kochi,Details Shared
1312,Prabhu,Maldives,Not Interested
1313,Olivia,Singapore,Lead Closed
1314,Emily,Chennai,Not Interested
1315,Liam,Sydney,Lead Closed
1316,Emma,Singapore,Followup
1317,Meena,Singapore,Lead Closed
1318,Prabhu,Calicut,Details Shared
1319,Deepak,Thiruvananthapuram,Followup
1320,Vijay,Trichy,Lead Closed
1321,Emma,Sydney,Details Shared
1322,Olivia,Sydney,Details Shared
1323,Ramesh,Maldives,Booked
1324,Chris,Trichy,Followup
1325,John,Sydney,Booked
1326,Priya,Paris,Booked
1327,Sathya,Sydney,Not Interested
1328,Sathya,Chennai,Not Interested
1329,Emma,Toronto,Followup
1330,Nandhini,Erode,Lead Closed
1331,Anitha,Maldives,Lead Closed
1332,Isabella,Chennai,Not Interested
1333,Priya,Sydney,Details Shared
1334,Harish,Tirunelveli,Followup
1335,Prabhu,Coimbatore,Not Interested
1336,Arun,Kottayam,Lead Closed
1337,Divya,Tirunelveli,Followup
1338,Vijay,Tirunelveli,Booked
1339,Arun,Trichy,Followup
1340,Anitha,Chennai,Followup
1341,Lakshmi,Madurai,Lead Closed
1342,Revathi,Trichy,Followup
1343,Saravanan,Chennai,Lead Closed
1344,Karthik,Sydney,Followup
1345,Ramesh,Calicut,Lead Closed
1346,Harish,Dubai,Not Interested
1347,Lakshmi,Paris,Lead Closed
1348,Sophia,Erode,Followup
1349,Revathi,Thiruvananthapuram,Not Interested
1350,Arun,Tokyo,Lead Closed
1351,Divya,Calicut,Not Interested
1352,Karthik,Kochi,Not Interested
1353,Nandhini,Sydney,Booked
1354,Revathi,Chennai,Details Shared
1355,Emma,Erode,Booked
1356,Michael,Maldives,Booked
1357,Arun,New York,Booked
1358,Emma,New York,Details Shared
1359,Suresh,Bangkok,Not Interested
1360,Ramesh,Tokyo,Booked
1361,Michael,Coimbatore,Lead Closed
1362,John,Tokyo,Followup
1363,Isabella,Tokyo,Lead Closed
1364,Deepak,Coimbatore,Booked
1365,Ramesh,Bangkok,Lead Closed
1366,Priya,Erode,Lead Closed
1367,Revathi,Erode,Followup
1368,Manoj,Madurai,Lead Closed
1369,Priya,Coimbatore,Lead Closed
1370,Manoj,Maldives,Followup
1371,David,Coimbatore,Not Interested
1372,Ramesh,Dubai,Booked
1373,Karthik,Bangkok,Followup
1374,Liam,Chennai,Details Shared
1375,Revathi,Kottayam,Not Interested
1376,Chris,Madurai,Booked
1377,Karthik,New York,Details Shared
1378,Revathi,Trichy,Not Interested
1379,Nandhini,Kottayam,Followup
1380,Gokul,Toronto,Lead Closed
1381,Saravanan,Bangkok,Booked
1382,Harish,Kochi,Followup
1383,Chris,New York,Details Shared
1384,Harish,Paris,Details Shared
1385,Michael,Tirunelveli,Booked
1386,Harish,Coimbatore,Followup
1387,Emma,Erode,Followup
1388,Saravanan,Chennai,Lead Closed
1389,Sophia,Kochi,Lead Closed
1390,Nandhini,Sydney,Details Shared
1391,Arun,Tokyo,Details Shared
1392,Manoj,New York,Followup
1393,Revathi,Maldives,Not Interested
1394,Muthu,Toronto,Lead Closed
1395,Suresh,Coimbatore,Details Shared
1396,Michael,Tokyo,Booked
1397,Ramesh,Singapore,Lead Closed
1398,Karthik,Toronto,Booked
1399,Deepak,Kottayam,Booked
1400,Emma,Coimbatore,Followup
1401,Sophia,Kochi,Details Shared
1402,Revathi,Calicut,Booked
1403,Priya,Sydney,Not Interested
1404,Vijay,Tirunelveli,Not Interested
1405,Harish,Madurai,Details Shared
1406,Emily,New York,Not Interested
1407,Anitha,Sydney,Lead Closed
1408,Manoj,Thiruvananthapuram,Booked
1409,Divya,Kochi,Details Shared
1410,Gokul,Dubai,Booked
1411,Lakshmi,Paris,Lead Closed
1412,Lakshmi,Thiruvananthapuram,Details Shared
1413,Muthu,Singapore,Followup
1414,Meena,Chennai,Not Interested
1415,Lakshmi,Bangkok,Details Shared
1416,Karthik,Singapore,Booked
1417,Sathya,Kottayam,Followup
1418,Sophia,Bangkok,Lead Closed
1419,Isabella,Paris,Not Interested
1420,Deepak,Bangkok,Not Interested
1421,Ramesh,Dubai,Lead Closed
1422,Meena,New York,Followup
1423,Ramesh,Trichy,Not Interested
1424,Lakshmi,Tirunelveli,Lead Closed
1425,Karthik,Bangkok,Not Interested
1426,Sathya,Erode,Followup
1427,Emma,London,Details Shared
1428,Ramesh,Singapore,Details Shared
1429,Olivia,Madurai,Booked
1430,Liam,Trichy,Followup
1431,Saravanan,London,Followup
1432,Michael,Toronto,Not Interested
1433,Arun,New York,Lead Closed
1434,David,Singapore,Details Shared
1435,Suresh,Sydney,Details Shared
1436,Harish,Sydney,Booked
1437,Chris,New York,Followup
1438,Muthu,Sydney,Details Shared
1439,Emily,New York,Details Shared
1440,Lakshmi,Kottayam,Lead Closed
1441,Suresh,Kottayam,Details Shared
1442,Olivia,Toronto,Not Interested
1443,Meena,Thiruvananthapuram,Not Interested
1444,Anitha,Kottayam,Lead Closed
1445,Muthu,Chennai,Booked
1446,Lakshmi,Paris,Lead Closed
1447,Harish,London,Booked
1448,David,Dubai,Not Interested
1449,Divya,Trichy,Not Interested
1450,Manoj,Kottayam,Lead Closed
1451,Meena,Trichy,Booked
1452,David,New York,Not Interested
1453,Liam,Trichy,Followup
1454,David,Singapore,Booked
1455,Gokul,Coimbatore,Lead Closed
1456,Sophia,New York,Details Shared
1457,Nandhini,Paris,Followup
1458,Prabhu,Coimbatore,Lead Closed
1459,David,Dubai,Followup
1460,Arun,Thiruvananthapuram,Not Interested
1461,Anitha,Trichy,Followup
1462,David,Trichy,Not Interested
1463,Ramesh,Trichy,Lead Closed
1464,Chris,London,Lead Closed
1465,Olivia,Tirunelveli,Followup
1466,Gokul,Calicut,Lead Closed
1467,Saravanan,Maldives,Followup
1468,Karthik,New York,Details Shared
1469,Divya,Calicut,Not Interested
1470,Meena,Madurai,Followup
1471,Saravanan,Thiruvananthapuram,Booked
1472,Karthik,Chennai,Booked
1473,Karthik,Dubai,Followup
1474,David,Kottayam,Lead Closed
1475,Saravanan,Paris,Booked
1476,Manoj,Calicut,Details Shared
1477,Prabhu,Calicut,Not Interested
1478,John,Thiruvananthapuram,Followup
1479,David,Paris,Details Shared
1480,Meena,Trichy,Lead Closed
1481,Isabella,Sydney,Not Interested
1482,Saravanan,Kottayam,Not Interested
1483,Emma,Singapore,Booked
1484,Vijay,Toronto,Lead Closed
1485,Vijay,Thiruvananthapuram,Booked
1486,Suresh,Sydney,Details Shared
1487,Deepak,Madurai,Booked
1488,Emily,Calicut,Details Shared
1489,Emma,Chennai,Followup
1490,Deepak,Trichy,Lead Closed
1491,Emma,Trichy,Not Interested
1492,Meena,Tirunelveli,Booked
1493,Sophia,Singapore,Booked
1494,Deepak,Tirunelveli,Not Interested
1495,Sathya,Erode,Not Interested
1496,Liam,Bangkok,Followup
1497,Emily,Maldives,Booked
1498,Nandhini,Bangkok,Not Interested
1499,Olivia,Chennai,Followup
1500,Divya,London,Not Interested
1501,Nandhini,Sydney,Followup
1502,Liam,Sydney,Details Shared
1503,Emily,Chennai,Details Shared
1504,Michael,Tirunelveli,Details Shared
1505,Karthik,Sydney,Booked
1506,Chris,Madurai,Booked
1507,Anitha,New York,Details Shared
1508,Olivia,Sydney,Lead Closed
1509,David,Coimbatore,Followup
1510,Deepak,Erode,Lead Closed
1511,Suresh,New York,Not Interested
1512,Nandhini,Tokyo,Followup
1513,Nandhini,Toronto,Lead Closed
1514,David,Sydney,Not Interested
1515,Isabella,Madurai,Details Shared
1516,Michael,Tirunelveli,Details Shared
1517,Liam,Tirunelveli,Followup
1518,Lakshmi,Singapore,Booked
1519,Priya,Tokyo,Booked
1520,Emma,Sydney,Lead Closed
1521,Prabhu,Maldives,Booked
1522,Emily,Maldives,Followup
1523,Liam,Maldives,Details Shared
1524,Harish,Sydney,Lead Closed
1525,Liam,Dubai,Booked
1526,Revathi,Tirunelveli,Not Interested
1527,David,Trichy,Booked
1528,Ramesh,Paris,Details Shared
1529,Divya,Madurai,Booked
1530,Emily,Dubai,Details Shared
1531,Prabhu,Sydney,Not Interested
1532,Muthu,Chennai,Followup
1533,Olivia,Coimbatore,Not Interested
1534,Muthu,London,Lead Closed
1535,Prabhu,London,Lead Closed
1536,Manoj,Bangkok,Details Shared
1537,Liam,Kottayam,Lead Closed
1538,Ramesh,London,Details Shared
1539,Revathi,Kottayam,Booked
1540,Suresh,Dubai,Not Interested
1541,Emma,Thiruvananthapuram,Followup
1542,Nandhini,Paris,Details Shared
1543,Manoj,Maldives,Booked
1544,Sathya,Kochi,Booked
1545,Olivia,London,Followup
1546,Emma,Tirunelveli,Not Interested
1547,Manoj,Thiruvananthapuram,Details Shared
1548,Deepak,Paris,Not Interested
1549,Vijay,Tokyo,Followup
1550,Ramesh,Paris,Not Interested
1551,Saravanan,Trichy,Details Shared
1552,Revathi,Singapore,Lead Closed
1553,Harish,Kochi,Not Interested
1554,Isabella,Toronto,Not Interested
1555,Muthu,London,Lead Closed
1556,Divya,Erode,Booked
1557,Emily,Chennai,Details Shared
1558,Gokul,London,Followup
1559,Anitha,Bangkok,Lead Closed
1560,Liam,Paris,Details Shared
1561,Divya,Kottayam,Details Shared
1562,Arun,Maldives,Details Shared
1563,Deepak,Kottayam,Lead Closed
1564,Arun,Chennai,Lead Closed
1565,Ramesh,Kottayam,Lead Closed
1566,Suresh,Madurai,Booked
1567,Sathya,Dubai,Details Shared
1568,Sathya,Kottayam,Lead Closed
1569,Suresh,Chennai,Booked
1570,Muthu,London,Lead Closed
1571,Revathi,Madurai,Details Shared
1572,Muthu,Coimbatore,Followup
1573,Lakshmi,London,Followup
1574,Olivia,Sydney,Not Interested
1575,Nandhini,London,Not Interested
1576,Liam,Trichy,Booked
1577,Prabhu,Coimbatore,Not Interested
1578,Liam,Kottayam,Booked
1579,Sophia,Coimbatore,Booked
1580,Revathi,New York,Booked
1581,Karthik,Calicut,Followup
1582,Suresh,Kochi,Details Shared
1583,Deepak,New York,Followup
1584,John,Thiruvananthapuram,Not Interested
1585,Emma,Dubai,Followup
1586,Emma,Dubai,Followup
1587,Priya,Maldives,Booked
1588,Revathi,Bangkok,Booked
1589,Sophia,Kochi,Not Interested
1590,Muthu,Kottayam,Booked
1591,Prabhu,London,Details Shared
1592,Emily,Bangkok,Not Interested
1593,David,Madurai,Booked
1594,Emily,New York,Details Shared
1595,Emily,Dubai,Booked
1596,Gokul,Kottayam,Details Shared
1597,Gokul,Madurai,Lead Closed
1598,Priya,Kochi,Details Shared
1599,Deepak,Singapore,Lead Closed
1600,Deepak,Sydney,Booked
1601,Vijay,Tirunelveli,Booked
1602,David,Thiruvananthapuram,Followup
1603,Ramesh,Paris,Not Interested
1604,Muthu,Coimbatore,Booked
1605,Ramesh,Calicut,Lead Closed
1606,Nandhini,Toronto,Details Shared
1607,Emma,Thiruvananthapuram,Not Interested
1608,Lakshmi,New York,Details Shared
1609,Suresh,Dubai,Followup
1610,Saravanan,Trichy,Not Interested
1611,Nandhini,Paris,Details Shared
1612,Prabhu,Singapore,Not Interested
1613,Anitha,Paris,Details Shared
1614,Gokul,Coimbatore,Booked
1615,Saravanan,Toronto,Not Interested
1616,Lakshmi,Dubai,Booked
1617,Karthik,Tokyo,Lead Closed
1618,Divya,Singapore,Details Shared
1619,Arun,Madurai,Followup
1620,Nandhini,Kottayam,Details Shared
1621,Karthik,Erode,Booked
1622,Emma,Madurai,Lead Closed
1623,Revathi,Coimbatore,Details Shared
1624,Arun,Madurai,Details Shared
1625,Vijay,Tokyo,Details Shared
1626,Olivia,Erode,Followup
1627,Meena,Paris,Followup
1628,Nandhini,Bangkok,Details Shared
1629,Saravanan,Toronto,Not Interested
1630,Sophia,Maldives,Booked
1631,Harish,Chennai,Booked
1632,Gokul,Maldives,Lead Closed
1633,Revathi,Singapore,Booked
1634,Liam,Erode,Details Shared
1635,Harish,Thiruvananthapuram,Booked
1636,Ramesh,Tokyo,Not Interested
1637,Anitha,Maldives,Booked
1638,Chris,Kottayam,Not Interested
1639,Harish,Kochi,Lead Closed
1640,Revathi,Thiruvananthapuram,Followup
1641,Emma,Tokyo,Booked
1642,Michael,Maldives,Lead Closed
1643,Saravanan,Bangkok,Lead Closed
1644,Arun,Singapore,Lead Closed
1645,Anitha,Trichy,Not Interested
1646,Liam,Dubai,Booked
1647,Vijay,New York,Not Interested
1648,Vijay,Singapore,Not Interested
1649,Anitha,Bangkok,Not Interested
1650,Lakshmi,Kochi,Booked
1651,Vijay,Kochi,Not Interested
1652,Sophia,New York,Details Shared
1653,Liam,New York,Booked
1654,Lakshmi,Thiruvananthapuram,Booked
1655,Ramesh,Tokyo,Lead Closed
1656,Michael,Tokyo,Details Shared
1657,Karthik,Kottayam,Details Shared
1658,Prabhu,Madurai,Booked
1659,Deepak,Calicut,Followup
1660,Gokul,Trichy,Not Interested
1661,Liam,Dubai,Followup
1662,Prabhu,Madurai,Not Interested
1663,Vijay,Kochi,Booked
1664,Priya,Chennai,Booked
1665,David,Sydney,Not Interested
1666,Liam,Bangkok,Booked
1667,Nandhini,Tokyo,Not Interested
1668,Muthu,Trichy,Followup
1669,Liam,Kochi,Booked
1670,David,Tirunelveli,Followup
1671,Anitha,Maldives,Lead Closed
1672,Michael,Thiruvananthapuram,Details Shared
1673,Karthik,Thiruvananthapuram,Not Interested
1674,Karthik,Trichy,Details Shared
1675,Chris,Sydney,Lead Closed
1676,Harish,Kochi,Lead Closed
1677,Karthik,Kochi,Not Interested
1678,Ramesh,Maldives,Not Interested
1679,Anitha,Tokyo,Booked
1680,Vijay,Bangkok,Booked
1681,Karthik,Singapore,Booked
1682,Suresh,Kottayam,Booked
1683,Ramesh,Kottayam,Details Shared
1684,Liam,Calicut,Not Interested
1685,Lakshmi,Kottayam,Not Interested
1686,Muthu,Kochi,Followup
1687,Chris,Tokyo,Not Interested
1688,Priya,Singapore,Not Interested
1689,Ramesh,Kottayam,Followup
1690,Emma,Coimbatore,Followup
1691,Arun,New York,Booked
1692,Arun,Sydney,Followup
1693,Arun,Sydney,Followup
1694,Sophia,Madurai,Followup
1695,David,London,Lead Closed
1696,Revathi,New York,Lead Closed
1697,Priya,Tokyo,Booked
1698,Anitha,Singapore,Not Interested
1699,Manoj,Kottayam,Not Interested
1700,Lakshmi,Coimbatore,Lead Closed
1701,Vijay,Maldives,Not Interested
1702,Harish,Singapore,Not Interested
1703,Olivia,Tokyo,Details Shared
1704,Muthu,Trichy,Not Interested
1705,Gokul,London,Followup
1706,Lakshmi,Maldives,Details Shared
1707,Meena,Coimbatore,Booked
1708,Saravanan,New York,Followup
1709,Chris,Chennai,Not Interested
1710,Arun,Erode,Lead Closed
1711,Karthik,Erode,Followup
1712,Divya,Maldives,Lead Closed
1713,Emily,Trichy,Details Shared
1714,Emily,Madurai,Details Shared
1715,David,Madurai,Not Interested
1716,Isabella,Madurai,Lead Closed
1717,Sathya,Bangkok,Followup
1718,Suresh,Kochi,Followup
1719,Deepak,New York,Details Shared
1720,Manoj,Calicut,Not Interested
1721,John,Tirunelveli,Details Shared
1722,Nandhini,Coimbatore,Booked
1723,Deepak,Bangkok,Lead Closed
1724,Lakshmi,Kottayam,Lead Closed
1725,Sophia,Chennai,Followup
1726,Suresh,London,Lead Closed
1727,Vijay,Thiruvananthapuram,Lead Closed
1728,Michael,Kochi,Lead Closed
1729,Sathya,Maldives,Booked
1730,Harish,Thiruvananthapuram,Followup
1731,Revathi,Madurai,Not Interested
1732,Deepak,Kottayam,Not Interested
1733,Saravanan,Dubai,Lead Closed
1734,Karthik,New York,Lead Closed
1735,Revathi,Madurai,Lead Closed
1736,Lakshmi,Tokyo,Followup
1737,Lakshmi,Chennai,Lead Closed
1738,Liam,Coimbatore,Lead Closed
1739,John,Kochi,Details Shared
1740,Lakshmi,Paris,Not Interested
1741,Sathya,Thiruvananthapuram,Details Shared
1742,Priya,Tokyo,Booked
1743,Divya,Madurai,Details Shared
1744,Emma,Kochi,Booked
1745,Sathya,Maldives,Lead Closed
1746,Ramesh,Thiruvananthapuram,Not Interested
1747,Harish,Kottayam,Lead Closed
1748,Anitha,Bangkok,Details Shared
1749,Vijay,Coimbatore,Booked
1750,Isabella,Kochi,Not Interested
1751,Vijay,Calicut,Followup
1752,Karthik,Toronto,Lead Closed
1753,Olivia,Maldives,Details Shared
1754,Meena,Dubai,Lead Closed
1755,Lakshmi,Dubai,Lead Closed
1756,Arun,Singapore,Followup
1757,Liam,Kottayam,Booked
1758,Isabella,Kochi,Details Shared
1759,David,Maldives,Followup
1760,Revathi,Kochi,Details Shared
1761,Nandhini,Tokyo,Booked
1762,Sathya,New York,Booked
1763,Divya,Toronto,Booked
1764,David,Paris,Followup
1765,Chris,New York,Lead Closed
1766,Muthu,Dubai,Followup
1767,Sophia,Bangkok,Details Shared
1768,Vijay,Trichy,Not Interested
1769,Saravanan,Chennai,Followup
1770,John,Kochi,Not Interested
1771,Priya,Madurai,Lead Closed
1772,Sathya,Singapore,Booked
1773,Karthik,Tokyo,Details Shared
1774,Emma,Toronto,Details Shared
1775,Manoj,Coimbatore,Not Interested
1776,Sathya,Paris,Details Shared
1777,Liam,Calicut,Not Interested
1778,Sathya,Dubai,Details Shared
1779,Prabhu,Sydney,Details Shared
1780,Muthu,Bangkok,Followup
1781,Sathya,Calicut,Details Shared
1782,Michael,Chennai,Lead Closed
1783,Saravanan,Calicut,Not Interested
1784,Michael,Sydney,Followup
1785,Emily,Thiruvananthapuram,Booked
1786,Isabella,London,Followup
1787,David,Maldives,Followup
1788,Vijay,Tirunelveli,Details Shared
1789,Suresh,Thiruvananthapuram,Booked
1790,Isabella,Sydney,Booked
1791,Muthu,Sydney,Booked
1792,Karthik,Tirunelveli,Booked
1793,Isabella,Tirunelveli,Not Interested
1794,Emily,Coimbatore,Lead Closed
1795,Priya,Chennai,Followup
1796,Harish,Thiruvananthapuram,Not Interested
1797,David,Trichy,Details Shared
1798,Liam,Kottayam,Booked
1799,Gokul,Erode,Not Interested
1800,Chris,Madurai,Details Shared
1801,Karthik,Tokyo,Not Interested
1802,Ramesh,Paris,Followup
1803,Saravanan,Toronto,Details Shared
1804,Muthu,Paris,Lead Closed
1805,Nandhini,Bangkok,Lead Closed
1806,Gokul,Toronto,Lead Closed
1807,Nandhini,Singapore,Followup
1808,Anitha,Erode,Not Interested
1809,Karthik,Paris,Details Shared
1810,Manoj,Maldives,Not Interested
1811,Chris,Bangkok,Followup
1812,Priya,Sydney,Lead Closed
1813,John,Bangkok,Lead Closed
1814,Emily,Paris,Booked
1815,Michael,Erode,Details Shared
1816,Olivia,Kochi,Details Shared
1817,Sophia,Tirunelveli,Booked
1818,Karthik,Bangkok,Followup
1819,Vijay,Tokyo,Details Shared
1820,Saravanan,Kottayam,Not Interested
1821,David,Tirunelveli,Followup
1822,Olivia,Paris,Not Interested
1823,Sophia,Coimbatore,Details Shared
1824,Prabhu,Bangkok,Booked
1825,Deepak,New York,Booked
1826,Gokul,Tirunelveli,Booked
1827,Liam,Kochi,Not Interested
1828,Sophia,Calicut,Booked
1829,Manoj,Tokyo,Not Interested
1830,Chris,London,Followup
1831,Priya,Thiruvananthapuram,Lead Closed
1832,Sathya,Coimbatore,Details Shared
1833,Meena,Trichy,Not Interested
1834,David,Toronto,Followup
1835,Manoj,New York,Not Interested
1836,Nandhini,Kochi,Booked
1837,Ramesh,Sydney,Details Shared
1838,David,Thiruvananthapuram,Booked
1839,Anitha,Chennai,Not Interested
1840,Chris,Kochi,Followup
1841,Olivia,London,Not Interested
1842,Nandhini,Chennai,Details Shared
1843,Gokul,Trichy,Booked
1844,Manoj,Toronto,Booked
1845,Ramesh,Thiruvananthapuram,Lead Closed
1846,Revathi,Bangkok,Lead Closed
1847,Saravanan,Kochi,Followup
1848,Divya,Trichy,Details Shared
1849,Karthik,Kottayam,Not Interested
1850,Lakshmi,Calicut,Lead Closed
1851,Olivia,Erode,Followup
1852,Michael,Madurai,Details Shared
1853,Harish,Toronto,Booked
1854,Sathya,Toronto,Not Interested
1855,Emma,Chennai,Booked
1856,Prabhu,Paris,Booked
1857,Sathya,New York,Lead Closed
1858,Divya,Coimbatore,Lead Closed
1859,Emily,Coimbatore,Followup
1860,David,Coimbatore,Lead Closed
1861,Chris,Tirunelveli,Not Interested
1862,Emma,Madurai,Followup
1863,Michael,Bangkok,Booked
1864,Revathi,London,Not Interested
1865,Sathya,Erode,Followup
1866,Revathi,Tirunelveli,Not Interested
1867,David,Toronto,Lead Closed
1868,Emily,Trichy,Booked
1869,Deepak,New York,Details Shared
1870,Priya,Calicut,Not Interested
1871,Karthik,Maldives,Booked
1872,Michael,Calicut,Not Interested
1873,Suresh,Coimbatore,Lead Closed
1874,Vijay,Madurai,Lead Closed
1875,Harish,Sydney,Followup
1876,John,Singapore,Lead Closed
1877,Arun,Calicut,Lead Closed
1878,John,Kochi,Lead Closed
1879,Gokul,Tokyo,Details Shared
1880,Liam,Kottayam,Details Shared
1881,Emily,Madurai,Details Shared
1882,Priya,Dubai,Followup
1883,Emily,Coimbatore,Followup
1884,David,Madurai,Not Interested
1885,Vijay,Sydney,Booked
1886,Gokul,Thiruvananthapuram,Booked
1887,Suresh,London,Lead Closed
1888,Meena,London,Booked
1889,Liam,Kottayam,Not Interested
1890,Arun,Trichy,Details Shared
1891,Sathya,Tirunelveli,Booked
1892,Liam,Toronto,Followup
1893,Lakshmi,Paris,Lead Closed
1894,Sophia,Maldives,Details Shared
1895,Muthu,Tokyo,Booked
1896,Muthu,Coimbatore,Followup
1897,Suresh,Coimbatore,Not Interested
1898,Lakshmi,Tokyo,Details Shared
1899,Liam,Kottayam,Lead Closed
1900,Suresh,Tirunelveli,Details Shared
1901,Lakshmi,Bangkok,Booked
1902,Chris,Singapore,Booked
1903,Deepak,New York,Followup
1904,Lakshmi,Paris,Booked
1905,Emma,Singapore,Not Interested
1906,Olivia,Maldives,Not Interested
1907,David,New York,Details Shared
1908,Chris,Kochi,Details Shared
1909,Lakshmi,Tirunelveli,Followup
1910,Revathi,Kochi,Details Shared
1911,Saravanan,Erode,Details Shared
1912,Divya,Trichy,Followup
1913,Deepak,Tokyo,Details Shared
1914,Prabhu,Singapore,Lead Closed
1915,Sophia,Calicut,Not Interested
1916,Ramesh,Trichy,Followup
1917,Isabella,Sydney,Details Shared
1918,Prabhu,London,Lead Closed
1919,Emma,Chennai,Booked
1920,Harish,Madurai,Booked
1921,Harish,Chennai,Booked
1922,Isabella,Bangkok,Booked
1923,Harish,Coimbatore,Lead Closed
1924,Emma,Tokyo,Booked
1925,Manoj,Thiruvananthapuram,Followup
1926,Revathi,Dubai,Followup
1927,Ramesh,Tirunelveli,Booked
1928,Vijay,Maldives,Details Shared
1929,Meena,Kochi,Followup
1930,Liam,Trichy,Followup
1931,Arun,Tokyo,Details Shared
1932,Deepak,Tokyo,Not Interested
1933,Isabella,Erode,Details Shared
1934,Anitha,Chennai,Details Shared
1935,Liam,New York,Details Shared
1936,Emily,Kottayam,Not Interested
1937,Ramesh,London,Followup
1938,Olivia,Chennai,Booked
1939,Chris,Erode,Booked
1940,Chris,Dubai,Lead Closed
1941,Emily,Sydney,Not Interested
1942,Lakshmi,Maldives,Followup
1943,Vijay,Toronto,Lead Closed
1944,Sathya,Bangkok,Details Shared
1945,Ramesh,Kochi,Booked
1946,Isabella,Dubai,Details Shared
1947,Sathya,Madurai,Followup
1948,Gokul,New York,Details Shared
1949,Harish,Trichy,Details Shared
1950,Vijay,Dubai,Lead Closed
1951,Ramesh,Erode,Lead Closed
1952,Arun,Singapore,Not Interested
1953,Arun,Thiruvananthapuram,Booked
1954,Meena,Chennai,Lead Closed
1955,Sathya,Maldives,Details Shared
1956,Nandhini,Tokyo,Details Shared
1957,Michael,Maldives,Not Interested
1958,Vijay,Tokyo,Followup
1959,Emily,Tirunelveli,Lead Closed
1960,Gokul,Tirunelveli,Details Shared
1961,Sophia,Toronto,Followup
1962,Priya,London,Followup
1963,Saravanan,Thiruvananthapuram,Followup
1964,Emma,Thiruvananthapuram,Booked
1965,Emma,Sydney,Followup
1966,Lakshmi,London,Details Shared
1967,Meena,New York,Lead Closed
1968,Divya,Toronto,Lead Closed
1969,Priya,Coimbatore,Lead Closed
1970,Sophia,Bangkok,Lead Closed
1971,Muthu,Paris,Booked
1972,Meena,Maldives,Lead Closed
1973,Emma,Dubai,Details Shared
1974,Prabhu,Singapore,Details Shared
1975,Deepak,Tirunelveli,Booked
1976,Manoj,Kochi,Booked
1977,Emma,Coimbatore,Lead Closed
1978,Gokul,Thiruvananthapuram,Details Shared
1979,Emily,Kottayam,Details Shared
1980,Divya,Kochi,Lead Closed
1981,Lakshmi,Thiruvananthapuram,Followup
1982,Anitha,Tirunelveli,Details Shared
1983,Liam,Sydney,Followup
1984,Olivia,Sydney,Not Interested
1985,Divya,Madurai,Details Shared
1986,Gokul,Bangkok,Details Shared
1987,Arun,New York,Not Interested
1988,Manoj,Paris,Followup
1989,Emma,Chennai,Not Interested
1990,Emma,Singapore,Not Interested
1991,John,Erode,Not Interested
1992,Suresh,Toronto,Booked
1993,Olivia,Tirunelveli,Lead Closed
1994,David,Trichy,Details Shared
1995,Vijay,Thiruvananthapuram,Not Interested
1996,Meena,Chennai,Followup
1997,Manoj,Chennai,Lead Closed
1998,Meena,Singapore,Lead Closed
1999,Meena,Paris,Details Shared
2000,Sathya,Chennai,Followup
2001,Meena,Paris,Not Interested
2002,Deepak,Thiruvananthapuram,Followup
2003,Ramesh,Bangkok,Lead Closed
2004,Harish,Calicut,Details Shared
2005,Lakshmi,Thiruvananthapuram,Booked
2006,Revathi,Tirunelveli,Booked
2007,Emily,Thiruvananthapuram,Details Shared
2008,Karthik,Singapore,Not Interested
2009,Muthu,Erode,Details Shared
2010,Emma,Trichy,Lead Closed
2011,David,Tirunelveli,Booked
2012,Karthik,Erode,Followup
2013,Nandhini,New York,Not Interested
2014,Ramesh,Toronto,Followup
2015,Karthik,Tokyo,Details Shared
2016,Isabella,Maldives,Lead Closed
2017,Suresh,Maldives,Booked
2018,Olivia,Bangkok,Not Interested
2019,Sophia,Coimbatore,Followup
2020,Meena,Kochi,Booked
2021,Sophia,Trichy,Booked
2022,John,Thiruvananthapuram,Lead Closed
2023,Meena,Coimbatore,Not Interested
2024,Nandhini,London,Details Shared
2025,Arun,Tokyo,Not Interested
2026,Anitha,Tirunelveli,Details Shared
2027,Sathya,Toronto,Booked
2028,Anitha,Maldives,Lead Closed
2029,Deepak,Bangkok,Booked
2030,Sathya,Dubai,Details Shared
2031,Revathi,Trichy,Booked
2032,Olivia,Toronto,Details Shared
2033,Saravanan,Bangkok,Details Shared
2034,Sophia,Thiruvananthapuram,Not Interested
2035,Priya,Tirunelveli,Followup
2036,Chris,London,Followup
2037,Vijay,Tirunelveli,Details Shared
2038,Arun,Trichy,Not Interested
2039,Muthu,Toronto,Details Shared
2040,Prabhu,Tirunelveli,Lead Closed
2041,Meena,Coimbatore,Followup
2042,Sathya,London,Lead Closed
2043,Anitha,New York,Lead Closed
2044,Chris,New York,Lead Closed
2045,Arun,Chennai,Lead Closed
2046,Karthik,London,Lead Closed
2047,Anitha,Trichy,Lead Closed
2048,Gokul,London,Lead Closed
2049,Emily,Dubai,Lead Closed
2050,Suresh,Bangkok,Not Interested
2051,Emma,Bangkok,Lead Closed
2052,Lakshmi,Sydney,Booked
2053,Sathya,Kottayam,Lead Closed
2054,Chris,Chennai,Booked
2055,Emma,Sydney,Not Interested
2056,John,New York,Details Shared
2057,David,Calicut,Followup
2058,Emma,London,Followup
2059,Arun,Thiruvananthapuram,Booked
2060,Revathi,New York,Booked
2061,Suresh,Tirunelveli,Not Interested
2062,Karthik,Kottayam,Details Shared
2063,Ramesh,Trichy,Lead Closed
2064,Vijay,Kochi,Not Interested
2065,Vijay,Erode,Followup
2066,Gokul,Kottayam,Details Shared
2067,Emma,Kochi,Followup
2068,Emily,Singapore,Lead Closed
2069,Divya,London,Followup
2070,Revathi,Madurai,Booked
2071,Harish,Singapore,Booked
2072,Gokul,Singapore,Followup
2073,Nandhini,Paris,Not Interested
2074,Priya,New York,Not Interested
2075,Suresh,Dubai,Not Interested
2076,Saravanan,Bangkok,Followup
2077,John,Tirunelveli,Lead Closed
2078,Deepak,Chennai,Followup
2079,Chris,Singapore,Details Shared
2080,Manoj,Maldives,Not Interested
2081,Saravanan,Madurai,Not Interested
2082,Saravanan,Dubai,Followup
2083,Karthik,Thiruvananthapuram,Booked
2084,Muthu,Kochi,Not Interested
2085,Olivia,Erode,Not Interested
2086,Michael,Calicut,Details Shared
2087,Olivia,London,Details Shared
2088,Ramesh,Erode,Not Interested
2089,Vijay,London,Not Interested
2090,Emma,Madurai,Not Interested
2091,Suresh,Singapore,Booked
2092,Nandhini,Toronto,Details Shared
2093,Sathya,Tokyo,Followup
2094,Revathi,Kottayam,Details Shared
2095,Arun,Bangkok,Not Interested
2096,Revathi,Maldives,Lead Closed
2097,Arun,Kochi,Followup
2098,Anitha,Calicut,Booked
2099,Arun,Erode,Booked
2100,Divya,London,Booked
2101,Emma,Madurai,Booked
2102,Ramesh,Kochi,Followup
2103,Karthik,Kochi,Booked
2104,Manoj,Tirunelveli,Followup
2105,Lakshmi,Maldives,Lead Closed
2106,Prabhu,Erode,Not Interested
2107,Nandhini,Dubai,Booked
2108,Sophia,London,Followup
2109,Emma,Singapore,Followup
2110,Chris,Maldives,Followup
2111,Isabella,Dubai,Booked
2112,Isabella,Singapore,Not Interested
2113,Gokul,Kochi,Lead Closed
2114,Isabella,Toronto,Booked
2115,Karthik,Singapore,Not Interested
2116,Saravanan,Tokyo,Lead Closed
2117,Gokul,Maldives,Lead Closed
2118,Gokul,Singapore,Lead Closed
2119,Priya,Sydney,Lead Closed
2120,Vijay,Thiruvananthapuram,Lead Closed
2121,Suresh,Tokyo,Details Shared
2122,Revathi,Dubai,Booked
2123,Harish,London,Followup
2124,Michael,Madurai,Lead Closed
2125,Manoj,Kochi,Not Interested
2126,Liam,Dubai,Lead Closed
2127,Muthu,Chennai,Not Interested
2128,Arun,Maldives,Lead Closed
2129,Arun,Tokyo,Booked
2130,Emma,Chennai,Booked
2131,Arun,Kochi,Not Interested
2132,Divya,Tirunelveli,Lead Closed
2133,Lakshmi,Calicut,Lead Closed
2134,Divya,Bangkok,Booked
2135,Deepak,Toronto,Lead Closed
2136,Emma,Coimbatore,Followup
2137,Prabhu,New York,Lead Closed
2138,Isabella,Sydney,Not Interested
2139,Gokul,Coimbatore,Followup
2140,Meena,Bangkok,Details Shared
2141,Emily,Sydney,Booked
2142,Olivia,New York,Details Shared
2143,Muthu,Chennai,Followup
2144,Suresh,Tokyo,Details Shared
2145,Lakshmi,Paris,Booked
2146,Olivia,Paris,Followup
2147,Revathi,Kochi,Booked
2148,John,Madurai,Lead Closed
2149,Lakshmi,Tirunelveli,Lead Closed
2150,Nandhini,London,Followup
2151,John,Sydney,Details Shared
2152,Vijay,Kottayam,Not Interested
2153,Manoj,New York,Booked
2154,Ramesh,Thiruvananthapuram,Lead Closed
2155,Muthu,Singapore,Lead Closed
2156,Nandhini,Thiruvananthapuram,Followup
2157,Michael,Trichy,Booked
2158,Muthu,Tokyo,Details Shared
2159,Lakshmi,Maldives,Not Interested
2160,Gokul,Dubai,Lead Closed
2161,Suresh,New York,Followup
2162,Karthik,Dubai,Lead Closed
2163,Revathi,Trichy,Details Shared
2164,Ramesh,Sydney,Not Interested
2165,Sophia,Kochi,Details Shared
2166,Ramesh,Bangkok,Booked
2167,Olivia,Tokyo,Followup
2168,Manoj,Paris,Booked
2169,Ramesh,Toronto,Not Interested
2170,Liam,Dubai,Details Shared
2171,Olivia,Tokyo,Lead Closed
2172,Arun,Trichy,Not Interested
2173,Emily,Kottayam,Booked
2174,Muthu,Kottayam,Lead Closed
2175,Liam,Sydney,Booked
2176,Muthu,Tirunelveli,Booked
2177,Gokul,Calicut,Lead Closed
2178,John,Dubai,Followup
2179,Michael,Tirunelveli,Details Shared
2180,Revathi,Kochi,Followup
2181,Prabhu,Calicut,Booked
2182,David,Bangkok,Lead Closed
2183,Gokul,Thiruvananthapuram,Followup
2184,Harish,Bangkok,Booked
2185,Gokul,Madurai,Lead Closed
2186,Priya,Thiruvananthapuram,Lead Closed
2187,Deepak,Toronto,Booked
2188,Sophia,Bangkok,Lead Closed
2189,Michael,Calicut,Followup
2190,Prabhu,London,Lead Closed
2191,Divya,Paris,Lead Closed
2192,Isabella,Tirunelveli,Details Shared
2193,Manoj,Kochi,Booked
2194,Prabhu,Singapore,Booked
2195,Meena,Singapore,Lead Closed
2196,Chris,Coimbatore,Booked
2197,Gokul,New York,Not Interested
2198,Manoj,Trichy,Lead Closed
2199,Divya,Tirunelveli,Not Interested
2200,Priya,Madurai,Lead Closed
2201,Liam,Thiruvananthapuram,Lead Closed
2202,Ramesh,Maldives,Lead Closed
2203,Lakshmi,Bangkok,Followup
2204,Anitha,Erode,Details Shared
2205,Liam,Dubai,Not Interested
2206,Chris,Madurai,Booked
2207,Sophia,Kochi,Not Interested
2208,Emily,Dubai,Not Interested
2209,Sathya,Tokyo,Not Interested
2210,Saravanan,Erode,Lead Closed
2211,Gokul,Tirunelveli,Not Interested
2212,Emma,Calicut,Followup
2213,Michael,Chennai,Not Interested
2214,Arun,Tokyo,Not Interested
2215,Nandhini,London,Not Interested
2216,Sophia,Kottayam,Not Interested
2217,Prabhu,Calicut,Lead Closed
2218,Karthik,Toronto,Not Interested
2219,Nandhini,Singapore,Followup
2220,Lakshmi,Thiruvananthapuram,Not Interested
2221,Isabella,London,Lead Closed
2222,Anitha,Chennai,Not Interested
2223,Olivia,New York,Details Shared
2224,Arun,Kottayam,Followup
2225,Saravanan,Erode,Details Shared
2226,Isabella,Toronto,Lead Closed
2227,Emma,Calicut,Lead Closed
2228,Prabhu,Madurai,Details Shared
2229,Ramesh,Toronto,Not Interested
2230,Ramesh,Madurai,Not Interested
2231,Nandhini,London,Details Shared
2232,Sophia,Dubai,Lead Closed
2233,Harish,Sydney,Lead Closed
2234,David,Trichy,Details Shared
2235,Emily,Kottayam,Details Shared
2236,Priya,Trichy,Not Interested
2237,Meena,Bangkok,Followup
2238,David,Singapore,Not Interested
2239,Emily,Trichy,Lead Closed
2240,Chris,Chennai,Followup
2241,Suresh,Singapore,Lead Closed
2242,Liam,Chennai,Lead Closed
2243,Lakshmi,Tokyo,Booked
2244,Meena,Madurai,Booked
2245,Manoj,Calicut,Details Shared
2246,Nandhini,Coimbatore,Details Shared
2247,David,New York,Details Shared
2248,Lakshmi,Kottayam,Booked
2249,Anitha,Erode,Details Shared
2250,Harish,Tirunelveli,Details Shared
2251,Liam,Toronto,Booked
2252,Anitha,Kottayam,Followup
2253,Meena,Kottayam,Booked
2254,Lakshmi,Tirunelveli,Details Shared
2255,Vijay,Trichy,Followup
2256,Michael,Coimbatore,Followup
2257,Lakshmi,Sydney,Details Shared
2258,Saravanan,Coimbatore,Lead Closed
2259,Suresh,Kochi,Not Interested
2260,Liam,Kochi,Lead Closed
2261,Michael,Kochi,Booked
2262,Harish,Calicut,Booked
2263,Suresh,Erode,Followup
2264,Sophia,Dubai,Details Shared
2265,Karthik,Kottayam,Details Shared
2266,Meena,Tokyo,Details Shared
2267,Manoj,Thiruvananthapuram,Booked
2268,Anitha,Tirunelveli,Not Interested
2269,Karthik,Bangkok,Not Interested
2270,Revathi,Maldives,Followup
2271,Manoj,Trichy,Followup
2272,Revathi,Sydney,Details Shared
2273,Deepak,Sydney,Lead Closed
2274,Karthik,Chennai,Booked
2275,Harish,Paris,Lead Closed
2276,Deepak,New York,Details Shared
2277,Saravanan,Toronto,Followup
2278,Michael,Coimbatore,Followup
2279,Emma,Chennai,Details Shared
2280,Divya,Coimbatore,Booked
2281,Sophia,Singapore,Details Shared
2282,Manoj,Coimbatore,Lead Closed
2283,Saravanan,Kochi,Lead Closed
2284,Isabella,Dubai,Followup
2285,Prabhu,London,Not Interested
2286,Priya,Sydney,Details Shared
2287,Gokul,Dubai,Lead Closed
2288,Muthu,Coimbatore,Followup
2289,Arun,Sydney,Not Interested
2290,Liam,Maldives,Lead Closed
2291,Ramesh,Bangkok,Followup
2292,Nandhini,Bangkok,Not Interested
2293,Manoj,Dubai,Details Shared
2294,Saravanan,Chennai,Booked
2295,Divya,Calicut,Details Shared
2296,Divya,Dubai,Not Interested
2297,Manoj,Kottayam,Booked
2298,Muthu,Toronto,Followup
2299,Nandhini,Singapore,Followup
2300,Ramesh,Paris,Details Shared
2301,David,New York,Booked
2302,Emily,Chennai,Followup
2303,Liam,Calicut,Followup
2304,Olivia,Dubai,Details Shared
2305,Anitha,Coimbatore,Booked
2306,Suresh,Madurai,Details Shared
2307,Sathya,Coimbatore,Details Shared
2308,Manoj,Kottayam,Not Interested
2309,Suresh,New York,Followup
2310,Nandhini,Kottayam,Lead Closed
2311,Ramesh,Tokyo,Details Shared
2312,Vijay,Dubai,Followup
2313,John,Madurai,Details Shared
2314,Divya,Erode,Lead Closed
2315,Divya,Madurai,Not Interested
2316,Olivia,Sydney,Lead Closed
2317,Manoj,Kochi,Lead Closed
2318,Vijay,Erode,Details Shared
2319,Gokul,London,Details Shared
2320,Priya,Calicut,Details Shared
2321,Sophia,Paris,Details Shared
2322,Michael,Trichy,Followup
2323,Olivia,New York,Not Interested
2324,John,Bangkok,Booked
2325,Liam,Thiruvananthapuram,Lead Closed
2326,Anitha,Madurai,Lead Closed
2327,Emily,Kochi,Booked
2328,Ramesh,Kottayam,Not Interested
2329,Vijay,Thiruvananthapuram,Followup
2330,Prabhu,Trichy,Followup
2331,Vijay,Maldives,Booked
2332,Saravanan,Kottayam,Lead Closed
2333,Muthu,Tirunelveli,Not Interested
2334,Sophia,Chennai,Followup
2335,Revathi,Singapore,Followup
2336,Arun,Maldives,Followup
2337,Chris,Tirunelveli,Booked
2338,Michael,Tokyo,Followup
2339,Emily,Erode,Booked
2340,Nandhini,Dubai,Lead Closed
2341,Olivia,Trichy,Details Shared
2342,Lakshmi,Kottayam,Lead Closed
2343,Emma,Tokyo,Not Interested
2344,Michael,Chennai,Details Shared
2345,Prabhu,London,Lead Closed
2346,Arun,Thiruvananthapuram,Details Shared
2347,Emma,Toronto,Lead Closed
2348,Arun,Maldives,Booked
2349,Deepak,Tokyo,Not Interested
2350,Karthik,Coimbatore,Followup
2351,Saravanan,Coimbatore,Followup
2352,Chris,Singapore,Lead Closed
2353,Anitha,Kochi,Booked
2354,Muthu,Calicut,Booked
2355,Divya,Tirunelveli,Booked
2356,Saravanan,Tirunelveli,Not Interested
2357,Lakshmi,Dubai,Booked
2358,Revathi,Dubai,Details Shared
2359,Ramesh,Chennai,Details Shared
2360,Suresh,Erode,Details Shared
2361,Priya,Tokyo,Booked
2362,David,Chennai,Details Shared
2363,Karthik,Coimbatore,Not Interested
2364,John,Thiruvananthapuram,Not Interested
2365,Nandhini,Paris,Booked
2366,Arun,Chennai,Lead Closed
2367,Saravanan,Sydney,Not Interested
2368,John,Erode,Details Shared
2369,David,Maldives,Not Interested
2370,Anitha,New York,Details Shared
2371,Prabhu,London,Details Shared
2372,Michael,Erode,Followup
2373,Meena,Paris,Booked
2374,Deepak,Toronto,Details Shared
2375,Deepak,Singapore,Followup
2376,Meena,London,Details Shared
2377,Liam,New York,Details Shared
2378,John,New York,Booked
2379,Meena,Kottayam,Not Interested
2380,John,Tirunelveli,Booked
2381,Sathya,Trichy,Not Interested
2382,Nandhini,Kochi,Details Shared
2383,Harish,Maldives,Not Interested
2384,Meena,Thiruvananthapuram,Details Shared
2385,Vijay,Thiruvananthapuram,Booked
2386,Emily,Kochi,Booked
2387,Olivia,Dubai,Not Interested
2388,Prabhu,Coimbatore,Details Shared
2389,Revathi,Bangkok,Followup
2390,Michael,Coimbatore,Not Interested
2391,Anitha,Madurai,Booked
2392,Gokul,Tokyo,Not Interested
2393,Priya,Tokyo,Lead Closed
2394,Emily,Dubai,Details Shared
2395,Deepak,Maldives,Booked
2396,Manoj,Toronto,Lead Closed
2397,Muthu,Bangkok,Lead Closed
2398,Lakshmi,Thiruvananthapuram,Not Interested
2399,Michael,Calicut,Not Interested
2400,Harish,Singapore,Details Shared
2401,Arun,Calicut,Booked
2402,Muthu,New York,Lead Closed
2403,Vijay,Tokyo,Followup
2404,John,Calicut,Not Interested
2405,Prabhu,Tokyo,Details Shared
2406,Deepak,Dubai,Lead Closed
2407,Divya,London,Details Shared
2408,Karthik,Erode,Lead Closed
2409,Prabhu,Thiruvananthapuram,Details Shared
2410,John,Coimbatore,Lead Closed
2411,John,Paris,Not Interested
2412,John,Coimbatore,Followup
2413,Harish,Toronto,Details Shared
2414,Deepak,Trichy,Not Interested
2415,Anitha,Bangkok,Not Interested
2416,John,Trichy,Followup
2417,Vijay,Chennai,Not Interested
2418,Isabella,Thiruvananthapuram,Followup
2419,Deepak,New York,Not Interested
2420,Prabhu,Singapore,Followup
2421,Sophia,Singapore,Booked
2422,Lakshmi,Calicut,Booked
2423,Meena,Singapore,Lead Closed
2424,Divya,Madurai,Followup
2425,Chris,New York,Lead Closed
2426,Deepak,Kochi,Details Shared
2427,Anitha,Erode,Booked
2428,Gokul,Paris,Followup
2429,Anitha,London,Details Shared
2430,Liam,Chennai,Lead Closed
2431,Arun,Coimbatore,Not Interested
2432,Harish,Singapore,Booked
2433,Divya,Chennai,Not Interested
2434,Lakshmi,Thiruvananthapuram,Details Shared
2435,Nandhini,Sydney,Lead Closed
2436,Prabhu,Madurai,Not Interested
2437,Muthu,Erode,Booked
2438,Manoj,Kochi,Details Shared
2439,Prabhu,Sydney,Not Interested
2440,Suresh,Tirunelveli,Not Interested
2441,Muthu,Chennai,Followup
2442,Emily,Erode,Followup
2443,Anitha,London,Booked
2444,Michael,Madurai,Details Shared
2445,Saravanan,Chennai,Followup
2446,Isabella,Singapore,Booked
2447,Muthu,Kochi,Followup
2448,Lakshmi,Sydney,Not Interested
2449,Chris,Kottayam,Not Interested
2450,Nandhini,Erode,Booked
2451,Gokul,Calicut,Lead Closed
2452,Revathi,Chennai,Details Shared
2453,Priya,Chennai,Followup
2454,Vijay,Singapore,Booked
2455,Isabella,Maldives,Not Interested
2456,Arun,Erode,Booked
2457,Meena,Toronto,Followup
2458,Manoj,Kottayam,Booked
2459,Olivia,Maldives,Booked
2460,Manoj,Thiruvananthapuram,Booked
2461,Emma,Singapore,Booked
2462,Deepak,Kottayam,Not Interested
2463,Manoj,Coimbatore,Not Interested
2464,Olivia,Paris,Booked
2465,Olivia,Thiruvananthapuram,Followup
2466,Deepak,Bangkok,Lead Closed
2467,David,New York,Lead Closed
2468,Divya,Bangkok,Not Interested
2469,Emily,Erode,Lead Closed
2470,Emily,Trichy,Not Interested
2471,Prabhu,New York,Lead Closed
2472,Sathya,Maldives,Booked
2473,Muthu,Dubai,Not Interested
2474,Muthu,New York,Details Shared
2475,Saravanan,Trichy,Details Shared
2476,Karthik,Erode,Details Shared
2477,Emily,Calicut,Details Shared
2478,Emma,Calicut,Lead Closed
2479,Revathi,Calicut,Lead Closed
2480,Michael,Maldives,Followup
2481,Emily,Kottayam,Booked
2482,Harish,Chennai,Details Shared
2483,Vijay,Chennai,Lead Closed
2484,Meena,Coimbatore,Lead Closed
2485,Karthik,Dubai,Booked
2486,Lakshmi,Toronto,Details Shared
2487,Divya,Dubai,Lead Closed
2488,Saravanan,Singapore,Booked
2489,Emma,Thiruvananthapuram,Booked
2490,Olivia,Toronto,Followup
2491,Karthik,Paris,Followup
2492,Karthik,Calicut,Followup
2493,Harish,Kochi,Not Interested
2494,Divya,Madurai,Booked
2495,Prabhu,Sydney,Booked
2496,Saravanan,Calicut,Followup
2497,Michael,Paris,Not Interested
2498,Arun,Bangkok,Lead Closed
2499,Emma,London,Not Interested
2500,Ramesh,New York,Lead Closed
2501,Ramesh,Sydney,Followup
2502,Emma,Kottayam,Lead Closed
2503,Olivia,London,Not Interested
2504,Revathi,Trichy,Not Interested
2505,Nandhini,Maldives,Followup
2506,Ramesh,Kochi,Not Interested
2507,Anitha,Tokyo,Not Interested
2508,Suresh,Paris,Details Shared
2509,Vijay,London,Booked
2510,Anitha,New York,Booked
2511,Nandhini,Bangkok,Booked
2512,Lakshmi,Sydney,Not Interested
2513,Anitha,Kottayam,Details Shared
2514,Harish,Calicut,Booked
2515,Isabella,Trichy,Followup
2516,Emily,Toronto,Followup
2517,Revathi,Thiruvananthapuram,Followup
2518,David,Bangkok,Lead Closed
2519,Emily,Sydney,Booked
2520,Lakshmi,Tirunelveli,Followup
2521,Priya,Coimbatore,Lead Closed
2522,Muthu,Thiruvananthapuram,Booked
2523,Harish,Bangkok,Details Shared
2524,Suresh,Paris,Not Interested
2525,Emily,Tirunelveli,Followup
2526,Harish,London,Lead Closed
2527,Revathi,Madurai,Followup
2528,Michael,Kottayam,Lead Closed
2529,David,Calicut,Not Interested
2530,Suresh,Erode,Followup
2531,Gokul,Thiruvananthapuram,Booked
2532,Chris,London,Followup
2533,Revathi,Trichy,Booked
2534,Sophia,Erode,Booked
2535,Olivia,Madurai,Booked
2536,Priya,Kottayam,Details Shared
2537,Liam,Tokyo,Not Interested
2538,David,Tokyo,Details Shared
2539,Vijay,Kottayam,Lead Closed
2540,Prabhu,Dubai,Not Interested
2541,Michael,Kottayam,Booked
2542,Michael,Calicut,Booked
2543,Divya,Kochi,Not Interested
2544,Priya,Dubai,Lead Closed
2545,Emily,Calicut,Booked
2546,Emily,Maldives,Not Interested
2547,Manoj,Bangkok,Followup
2548,Muthu,Bangkok,Booked
2549,Meena,Paris,Followup
2550,Vijay,Tirunelveli,Not Interested
2551,Revathi,Calicut,Details Shared
2552,Olivia,London,Details Shared
2553,Emily,London,Details Shared
2554,Vijay,Dubai,Lead Closed
2555,Emily,Madurai,Followup
2556,Lakshmi,Trichy,Lead Closed
2557,Muthu,Sydney,Followup
2558,Sathya,Chennai,Lead Closed
2559,Saravanan,Maldives,Followup
2560,Gokul,Paris,Lead Closed
2561,Chris,Sydney,Followup
2562,Emily,Calicut,Booked
2563,Isabella,Calicut,Lead Closed
2564,Sophia,Sydney,Followup
2565,Emily,Bangkok,Booked
2566,Suresh,New York,Lead Closed
2567,Revathi,Kottayam,Followup
2568,Harish,Sydney,Lead Closed
2569,Suresh,Coimbatore,Not Interested
2570,Nandhini,Paris,Not Interested
2571,Priya,Kochi,Booked
2572,Lakshmi,Paris,Lead Closed
2573,Anitha,Toronto,Booked
2574,Gokul,Tokyo,Followup
2575,Revathi,Chennai,Not Interested
2576,Olivia,Tirunelveli,Booked
2577,Deepak,Thiruvananthapuram,Booked
2578,Deepak,Thiruvananthapuram,Not Interested
2579,John,Kottayam,Booked
2580,Priya,Chennai,Details Shared
2581,Emma,London,Lead Closed
2582,Emily,Tirunelveli,Followup
2583,Divya,Kottayam,Lead Closed
2584,Emma,Erode,Followup
2585,David,Bangkok,Lead Closed
2586,Meena,Paris,Lead Closed
2587,Meena,Coimbatore,Booked
2588,Ramesh,Thiruvananthapuram,Followup
2589,Saravanan,Dubai,Not Interested
2590,Gokul,Dubai,Booked
2591,Isabella,Toronto,Booked
2592,Liam,London,Details Shared
2593,Suresh,Madurai,Booked
2594,Nandhini,Madurai,Not Interested
2595,Ramesh,Trichy,Lead Closed
2596,Isabella,Dubai,Details Shared
2597,Isabella,Coimbatore,Booked
2598,Harish,Singapore,Followup
2599,David,Kottayam,Details Shared
2600,Saravanan,Sydney,Lead Closed
2601,Anitha,Trichy,Not Interested
2602,Revathi,Tirunelveli,Followup
2603,Nandhini,Singapore,Lead Closed
2604,Emily,Chennai,Followup
2605,Nandhini,Thiruvananthapuram,Lead Closed
2606,Olivia,Trichy,Booked
2607,Olivia,Coimbatore,Not Interested
2608,Arun,Calicut,Not Interested
2609,Vijay,Kochi,Lead Closed
2610,Sathya,New York,Followup
2611,Lakshmi,Paris,Followup
2612,Karthik,Coimbatore,Lead Closed
2613,Revathi,Singapore,Not Interested
2614,Divya,Erode,Details Shared
2615,Lakshmi,Bangkok,Lead Closed
2616,David,Maldives,Not Interested
2617,Gokul,Dubai,Followup
2618,Divya,Trichy,Followup
2619,Liam,Toronto,Details Shared
2620,Gokul,Sydney,Details Shared
2621,Gokul,Coimbatore,Details Shared
2622,Arun,Calicut,Details Shared
2623,Saravanan,Calicut,Details Shared
2624,Ramesh,Toronto,Not Interested
2625,Saravanan,Kochi,Followup
2626,Nandhini,Tokyo,Booked
2627,Priya,Kochi,Lead Closed
2628,Liam,Toronto,Details Shared
2629,Chris,Dubai,Booked
2630,Vijay,Maldives,Not Interested
2631,David,Singapore,Details Shared
2632,Sophia,Sydney,Details Shared
2633,Deepak,Trichy,Booked
2634,Sophia,Sydney,Not Interested
2635,Liam,Paris,Details Shared
2636,Anitha,Sydney,Lead Closed
2637,Sathya,Tirunelveli,Followup
2638,Sathya,Tirunelveli,Followup
2639,Revathi,Chennai,Followup
2640,Deepak,Sydney,Booked
2641,Lakshmi,Calicut,Lead Closed
2642,Divya,Toronto,Details Shared
2643,Vijay,Madurai,Not Interested
2644,Meena,Coimbatore,Details Shared
2645,Michael,Thiruvananthapuram,Followup
2646,Emma,New York,Details Shared
2647,Karthik,Paris,Not Interested
2648,Liam,New York,Booked
2649,Nandhini,Dubai,Booked
2650,Chris,Tokyo,Not Interested
2651,Sophia,Coimbatore,Not Interested
2652,Prabhu,Kottayam,Details Shared
2653,Vijay,Tokyo,Followup
2654,Vijay,Madurai,Followup
2655,Chris,Toronto,Not Interested
2656,Nandhini,Tokyo,Details Shared
2657,Ramesh,Chennai,Booked
2658,Anitha,Tokyo,Details Shared
2659,Ramesh,Tokyo,Not Interested
2660,Muthu,Kottayam,Not Interested
2661,Chris,Paris,Followup
2662,Liam,Madurai,Lead Closed
2663,Vijay,Thiruvananthapuram,Booked
2664,Nandhini,Thiruvananthapuram,Booked
2665,Lakshmi,New York,Booked
2666,Priya,London,Followup
2667,Manoj,Thiruvananthapuram,Details Shared
2668,Prabhu,Erode,Booked
2669,Sophia,Singapore,Booked
2670,Divya,New York,Details Shared
2671,Emma,Calicut,Lead Closed
2672,Deepak,Chennai,Lead Closed
2673,Olivia,Tirunelveli,Not Interested
2674,Michael,Coimbatore,Details Shared
2675,Gokul,Tokyo,Lead Closed
2676,Vijay,Kottayam,Details Shared
2677,Arun,Singapore,Details Shared
2678,Priya,Calicut,Booked
2679,Saravanan,Sydney,Booked
2680,Lakshmi,Bangkok,Not Interested
2681,Olivia,Calicut,Booked
2682,David,Paris,Details Shared
2683,Priya,Chennai,Details Shared
2684,Manoj,Dubai,Booked
2685,Manoj,Maldives,Not Interested
2686,Michael,Bangkok,Not Interested
2687,Vijay,Madurai,Details Shared
2688,Deepak,Madurai,Followup
2689,Arun,New York,Details Shared
2690,Ramesh,London,Details Shared
2691,Isabella,Dubai,Not Interested
2692,Suresh,New York,Details Shared
2693,Gokul,London,Lead Closed
2694,Michael,Paris,Booked
2695,Priya,New York,Not Interested
2696,Divya,Thiruvananthapuram,Not Interested
2697,Isabella,Trichy,Lead Closed
2698,Anitha,London,Lead Closed
2699,Prabhu,Erode,Not Interested
2700,Anitha,Singapore,Details Shared
2701,Arun,Calicut,Followup
2702,Chris,Coimbatore,Not Interested
2703,David,Maldives,Lead Closed
2704,John,Paris,Followup
2705,Saravanan,Erode,Booked
2706,David,Chennai,Lead Closed
2707,Lakshmi,Calicut,Details Shared
2708,Vijay,Coimbatore,Details Shared
2709,Karthik,Maldives,Details Shared
2710,Emily,London,Booked
2711,Ramesh,Chennai,Followup
2712,Revathi,Sydney,Details Shared
2713,Anitha,Paris,Booked
2714,Lakshmi,Bangkok,Booked
2715,Emma,Tokyo,Booked
2716,Divya,Kochi,Not Interested
2717,Sophia,Sydney,Followup
2718,Suresh,Chennai,Details Shared
2719,Harish,Coimbatore,Booked
2720,Anitha,Trichy,Lead Closed
2721,Sophia,Trichy,Not Interested
2722,Lakshmi,Singapore,Followup
2723,Manoj,Sydney,Details Shared
2724,Divya,Tokyo,Booked
2725,John,Maldives,Not Interested
2726,Muthu,Thiruvananthapuram,Not Interested
2727,Emily,Sydney,Details Shared
2728,Olivia,Singapore,Details Shared
2729,Muthu,Sydney,Lead Closed
2730,Ramesh,Tirunelveli,Not Interested
2731,Gokul,New York,Not Interested
2732,Emily,Chennai,Followup
2733,Prabhu,Tokyo,Lead Closed
2734,Suresh,Tokyo,Lead Closed
2735,Saravanan,Calicut,Followup
2736,Arun,Thiruvananthapuram,Not Interested
2737,Manoj,Calicut,Details Shared
2738,Anitha,Madurai,Followup
2739,Nandhini,Thiruvananthapuram,Not Interested
2740,Meena,Erode,Lead Closed
2741,David,Chennai,Not Interested
2742,Deepak,Calicut,Booked
2743,Meena,Toronto,Followup
2744,Deepak,Chennai,Booked
2745,Manoj,Erode,Details Shared
2746,Lakshmi,Coimbatore,Booked
2747,John,Toronto,Followup
2748,Michael,New York,Not Interested
2749,Liam,Sydney,Lead Closed
2750,Deepak,Paris,Details Shared
2751,Meena,Tokyo,Followup
2752,Arun,Sydney,Followup
2753,Karthik,Erode,Not Interested
2754,Muthu,Tirunelveli,Not Interested
2755,Priya,Tokyo,Details Shared
2756,Isabella,Sydney,Not Interested
2757,Anitha,Erode,Lead Closed
2758,Chris,Coimbatore,Booked
2759,Nandhini,London,Details Shared
2760,Anitha,Dubai,Lead Closed
2761,Saravanan,Paris,Followup
2762,Divya,Calicut,Not Interested
2763,Harish,Trichy,Lead Closed
2764,Anitha,Tokyo,Followup
2765,Karthik,Kottayam,Booked
2766,Isabella,Tirunelveli,Not Interested
2767,Suresh,Tokyo,Lead Closed
2768,Arun,Singapore,Not Interested
2769,Manoj,Dubai,Followup
2770,Chris,Erode,Not Interested
2771,John,Calicut,Lead Closed
2772,Priya,Trichy,Not Interested
2773,Michael,Kochi,Not Interested
2774,Saravanan,Tokyo,Booked
2775,Meena,Coimbatore,Booked
2776,Prabhu,Dubai,Lead Closed
2777,Ramesh,Trichy,Booked
2778,Isabella,Tirunelveli,Not Interested
2779,Divya,Bangkok,Not Interested
2780,Isabella,Coimbatore,Booked
2781,Priya,Kochi,Details Shared
2782,Gokul,Kottayam,Booked
2783,Isabella,Chennai,Booked
2784,Ramesh,Madurai,Booked
2785,Divya,Coimbatore,Followup
2786,Lakshmi,Trichy,Booked
2787,Emily,New York,Not Interested
2788,Priya,Dubai,Not Interested
2789,Deepak,Paris,Details Shared
2790,Harish,Tokyo,Not Interested
2791,Revathi,Kochi,Lead Closed
2792,Manoj,Trichy,Details Shared
2793,Emma,Kochi,Followup
2794,Karthik,Coimbatore,Not Interested
2795,Liam,Singapore,Lead Closed
2796,Isabella,Toronto,Lead Closed
2797,Emily,Madurai,Details Shared
2798,Chris,Bangkok,Lead Closed
2799,Vijay,Coimbatore,Followup
2800,Arun,Chennai,Lead Closed
2801,Chris,Chennai,Booked
2802,Karthik,Trichy,Details Shared
2803,Suresh,Paris,Not Interested
2804,Emma,New York,Followup
2805,Liam,Sydney,Lead Closed
2806,Anitha,Trichy,Not Interested
2807,Emma,Bangkok,Not Interested
2808,Prabhu,Calicut,Details Shared
2809,Olivia,Madurai,Lead Closed
2810,Revathi,Toronto,Lead Closed
2811,David,Kochi,Details Shared
2812,Saravanan,Paris,Followup
2813,Sathya,Maldives,Details Shared
2814,David,Kottayam,Followup
2815,Sathya,Chennai,Not Interested
2816,Harish,Chennai,Followup
2817,Manoj,Singapore,Followup
2818,Liam,Coimbatore,Not Interested
2819,Lakshmi,New York,Booked
2820,Anitha,Toronto,Followup
2821,Priya,New York,Booked
2822,Deepak,New York,Lead Closed
2823,Vijay,Madurai,Lead Closed
2824,Emily,Tokyo,Details Shared
2825,Nandhini,New York,Details Shared
2826,Isabella,Bangkok,Details Shared
2827,Emily,Bangkok,Lead Closed
2828,Revathi,Kottayam,Followup
2829,Manoj,Erode,Details Shared
2830,Harish,Kochi,Lead Closed
2831,Nandhini,Paris,Not Interested
2832,Emma,Kochi,Followup
2833,Chris,Erode,Details Shared
2834,Priya,New York,Not Interested
2835,Revathi,Calicut,Booked
2836,Anitha,Kochi,Details Shared
2837,Prabhu,Paris,Not Interested
2838,Gokul,New York,Details Shared
2839,Divya,Kottayam,Not Interested
2840,Ramesh,Calicut,Details Shared
2841,Divya,New York,Details Shared
2842,Divya,Bangkok,Not Interested
2843,Divya,Madurai,Details Shared
2844,Chris,London,Details Shared
2845,Lakshmi,Maldives,Lead Closed
2846,Sophia,Coimbatore,Booked
2847,Arun,Calicut,Booked
2848,Revathi,Trichy,Followup
2849,Isabella,Madurai,Details Shared
2850,Priya,Thiruvananthapuram,Not Interested
2851,Divya,London,Followup
2852,Sathya,Calicut,Booked
2853,Olivia,Dubai,Followup
2854,Meena,Chennai,Followup
2855,Karthik,Toronto,Followup
2856,Sathya,Tirunelveli,Lead Closed
2857,Sophia,Maldives,Details Shared
2858,Olivia,New York,Details Shared
2859,Muthu,Erode,Details Shared
2860,David,Kottayam,Lead Closed
2861,Priya,Erode,Booked
2862,John,Thiruvananthapuram,Booked
2863,Prabhu,Bangkok,Followup
2864,Gokul,Trichy,Not Interested
2865,Revathi,Trichy,Booked
2866,Lakshmi,Sydney,Followup
2867,Priya,New York,Followup
2868,Gokul,Erode,Lead Closed
2869,Meena,Dubai,Lead Closed
2870,Priya,Sydney,Lead Closed
2871,Manoj,Bangkok,Not Interested
2872,Revathi,Chennai,Details Shared
2873,Deepak,Tirunelveli,Booked
2874,Deepak,Maldives,Booked
2875,Lakshmi,Kottayam,Details Shared
2876,Isabella,Kochi,Booked
2877,Prabhu,Sydney,Lead Closed
2878,Chris,Dubai,Not Interested
2879,Suresh,Sydney,Not Interested
2880,Muthu,Coimbatore,Booked
2881,Olivia,New York,Lead Closed
2882,Karthik,Toronto,Followup
2883,Suresh,Kottayam,Booked
2884,Lakshmi,Chennai,Not Interested
2885,Muthu,Bangkok,Details Shared
2886,Chris,Madurai,Followup
2887,Suresh,Dubai,Not Interested
2888,Revathi,Madurai,Details Shared
2889,Isabella,Chennai,Booked
2890,Muthu,Bangkok,Lead Closed
2891,Liam,Toronto,Details Shared
2892,Karthik,Toronto,Not Interested
2893,Divya,Toronto,Lead Closed
2894,Isabella,Singapore,Lead Closed
2895,Vijay,New York,Not Interested
2896,Manoj,Tirunelveli,Followup
2897,Lakshmi,London,Lead Closed
2898,Gokul,Coimbatore,Lead Closed
2899,Harish,Bangkok,Not Interested
2900,Deepak,Maldives,Details Shared
2901,Prabhu,Coimbatore,Lead Closed
2902,Sophia,Madurai,Details Shared
2903,Manoj,Kottayam,Details Shared
2904,Muthu,Tirunelveli,Lead Closed
2905,Harish,Bangkok,Booked
2906,Muthu,Tokyo,Lead Closed
2907,Vijay,Trichy,Not Interested
2908,Vijay,Madurai,Booked
2909,Ramesh,Dubai,Booked
2910,Chris,Dubai,Booked
2911,Emily,Tokyo,Details Shared
2912,Arun,London,Followup
2913,Vijay,London,Booked
2914,Priya,Dubai,Details Shared
2915,Isabella,Tokyo,Booked
2916,Divya,Kottayam,Booked
2917,Karthik,Erode,Details Shared
2918,Deepak,Erode,Followup
2919,Arun,Kottayam,Followup
2920,Muthu,Kochi,Not Interested
2921,Meena,Maldives,Lead Closed
2922,Gokul,Toronto,Followup
2923,Emma,Trichy,Details Shared
2924,Prabhu,Coimbatore,Details Shared
2925,Isabella,Trichy,Lead Closed
2926,Karthik,Tokyo,Details Shared
2927,Isabella,Tokyo,Followup
2928,Michael,Thiruvananthapuram,Details Shared
2929,Chris,Kochi,Lead Closed
2930,Manoj,Sydney,Followup
2931,Olivia,Trichy,Lead Closed
2932,Priya,Erode,Lead Closed
2933,Divya,Trichy,Details Shared
2934,John,Tokyo,Not Interested
2935,Nandhini,Maldives,Booked
2936,Olivia,Paris,Details Shared
2937,Prabhu,Toronto,Booked
2938,Emily,Sydney,Booked
2939,Sophia,Erode,Followup
2940,Anitha,Tokyo,Lead Closed
2941,Muthu,Singapore,Lead Closed
2942,Olivia,Kottayam,Booked
2943,Chris,Dubai,Lead Closed
2944,Sathya,Singapore,Followup
2945,Nandhini,Sydney,Details Shared
2946,Vijay,Singapore,Followup
2947,Deepak,Kottayam,Details Shared
2948,Divya,London,Followup
2949,Emily,Kottayam,Not Interested
2950,Prabhu,London,Booked
2951,Sathya,Bangkok,Lead Closed
2952,Isabella,London,Details Shared
2953,Meena,Thiruvananthapuram,Not Interested
2954,Prabhu,Trichy,Details Shared
2955,Divya,Chennai,Not Interested
2956,Manoj,Trichy,Not Interested
2957,Manoj,Thiruvananthapuram,Lead Closed
2958,Suresh,Toronto,Booked
2959,Sophia,Coimbatore,Booked
2960,Liam,Sydney,Not Interested
2961,Sophia,Coimbatore,Not Interested
2962,Prabhu,Kottayam,Booked
2963,Prabhu,Chennai,Details Shared
2964,Chris,Kottayam,Details Shared
2965,Deepak,Calicut,Followup
2966,Muthu,Tirunelveli,Not Interested
2967,Muthu,Paris,Booked
2968,Lakshmi,Tokyo,Not Interested
2969,Nandhini,Erode,Followup
2970,Revathi,Bangkok,Lead Closed
2971,Karthik,Kochi,Not Interested
2972,Nandhini,New York,Details Shared
2973,Suresh,Paris,Details Shared
2974,Gokul,Dubai,Lead Closed
2975,Vijay,London,Followup
2976,Karthik,Chennai,Booked
2977,Revathi,Chennai,Booked
2978,Ramesh,Erode,Details Shared
2979,Michael,Paris,Lead Closed
2980,Revathi,Tokyo,Booked
2981,Vijay,Coimbatore,Details Shared
2982,Liam,Kochi,Lead Closed
2983,Harish,Kottayam,Booked
2984,Isabella,Kochi,Not Interested
2985,Lakshmi,Singapore,Followup
2986,Harish,Calicut,Followup
2987,Harish,Madurai,Booked
2988,David,Singapore,Details Shared
2989,Liam,Singapore,Booked
2990,Chris,Thiruvananthapuram,Followup
2991,Sathya,Trichy,Details Shared
2992,Emma,Paris,Lead Closed
2993,Saravanan,Thiruvananthapuram,Not Interested
2994,Prabhu,Madurai,Lead Closed
2995,Lakshmi,Paris,Details Shared
2996,Arun,Thiruvananthapuram,Followup
2997,Michael,Dubai,Booked
2998,Isabella,Chennai,Followup
2999,David,Singapore,Followup
3000,Manoj,Singapore,Details Shared
