S.No,Visitors,Purpose,Duration,Location,Local / International
1,Muthu,Relaxation Purpose,12 Days,Tirunelveli,Local
2,David,Entertainment,2 Days,Sydney,International
3,Nandhini,Wellness Tourism,6 Days,Tirunelveli,Local
4,Liam,Relaxation Purpose,10 Days,Toronto,International
5,Karthik,Relaxation Purpose,12 Days,Kochi,Local
6,Karthik,Entertainment,1 Days,Madurai,Local
7,Vijay,Agro Tourism,9 Days,Coimbatore,Local
8,Nandhini,Relaxation Purpose,4 Days,Kochi,Local
9,Liam,Agro Tourism,3 Days,New York,International
10,Isabella,Agro Tourism,11 Days,London,International
11,Manoj,Wellness Tourism,15 Days,Erode,Local
12,Emily,Wellness Tourism,10 Days,New York,International
13,David,Entertainment,6 Days,Maldives,International
14,David,Agro Tourism,7 Days,Sydney,International
15,Gokul,Entertainment,7 Days,Thiruvananthapuram,Local
16,Michael,Agro Tourism,14 Days,Tokyo,International
17,Sophia,Relaxation Purpose,15 Days,Tokyo,International
18,Suresh,Relaxation Purpose,11 Days,Erode,Local
19,David,Entertainment,3 Days,London,International
20,Olivia,Wellness Tourism,5 Days,New York,International
21,Prabhu,Entertainment,13 Days,Kottayam,Local
22,Isabella,Relaxation Purpose,10 Days,London,International
23,Prabhu,Agro Tourism,13 Days,Madurai,Local
24,Olivia,Relaxation Purpose,12 Days,Maldives,International
25,Suresh,Entertainment,1 Days,Tirunelveli,Local
26,Meena,Wellness Tourism,13 Days,Madurai,Local
27,Harish,Entertainment,9 Days,Coimbatore,Local
28,Suresh,Entertainment,6 Days,Trichy,Local
29,Muthu,Entertainment,12 Days,Erode,Local
30,Vijay,Wellness Tourism,15 Days,Madurai,Local
31,Emily,Entertainment,12 Days,London,International
32,Muthu,Wellness Tourism,15 Days,Kochi,Local
33,John,Wellness Tourism,12 Days,Bangkok,International
34,Liam,Relaxation Purpose,5 Days,Sydney,International
35,Gokul,Wellness Tourism,8 Days,Kochi,Local
36,Gokul,Relaxation Purpose,3 Days,Trichy,Local
37,Muthu,Wellness Tourism,12 Days,Trichy,Local
38,Sathya,Agro Tourism,7 Days,Erode,Local
39,Revathi,Relaxation Purpose,12 Days,Madurai,Local
40,Divya,Entertainment,12 Days,Chennai,Local
41,Liam,Entertainment,1 Days,Dubai,International
42,Isabella,Relaxation Purpose,5 Days,Toronto,International
43,Sophia,Entertainment,14 Days,Singapore,International
44,Emily,Agro Tourism,15 Days,Toronto,International
45,Emily,Agro Tourism,8 Days,Paris,International
46,Manoj,Relaxation Purpose,15 Days,Erode,Local
47,Karthik,Entertainment,14 Days,Madurai,Local
48,Anitha,Relaxation Purpose,13 Days,Tirunelveli,Local
49,Chris,Agro Tourism,4 Days,Toronto,International
50,Emily,Entertainment,8 Days,Bangkok,International
51,Priya,Wellness Tourism,4 Days,Chennai,Local
52,David,Agro Tourism,13 Days,Tokyo,International
53,Arun,Wellness Tourism,12 Days,Kottayam,Local
54,Anitha,Relaxation Purpose,8 Days,Coimbatore,Local
55,David,Relaxation Purpose,3 Days,Paris,International
56,Suresh,Agro Tourism,7 Days,Madurai,Local
57,Sathya,Agro Tourism,8 Days,Calicut,Local
58,Olivia,Entertainment,4 Days,Bangkok,International
59,Lakshmi,Agro Tourism,12 Days,Kottayam,Local
60,Liam,Agro Tourism,5 Days,Sydney,International
61,Gokul,Relaxation Purpose,1 Days,Tirunelveli,Local
62,Manoj,Wellness Tourism,5 Days,Erode,Local
63,Arun,Entertainment,5 Days,Erode,Local
64,Suresh,Agro Tourism,10 Days,Coimbatore,Local
65,Michael,Agro Tourism,13 Days,Bangkok,International
66,Karthik,Agro Tourism,6 Days,Tirunelveli,Local
67,Emily,Entertainment,9 Days,Maldives,International
68,Saravanan,Relaxation Purpose,12 Days,Thiruvananthapuram,Local
69,Manoj,Agro Tourism,13 Days,Madurai,Local
70,Michael,Relaxation Purpose,2 Days,Tokyo,International
71,Chris,Entertainment,6 Days,Bangkok,International
72,Isabella,Wellness Tourism,4 Days,London,International
73,Arun,Wellness Tourism,4 Days,Tirunelveli,Local
74,Isabella,Entertainment,8 Days,Sydney,International
75,Sophia,Relaxation Purpose,11 Days,Dubai,International
76,Divya,Relaxation Purpose,13 Days,Coimbatore,Local
77,David,Entertainment,14 Days,Paris,International
78,Karthik,Agro Tourism,14 Days,Erode,Local
79,Emily,Wellness Tourism,12 Days,Paris,International
80,Anitha,Wellness Tourism,9 Days,Trichy,Local
81,Olivia,Relaxation Purpose,13 Days,Paris,International
82,David,Wellness Tourism,4 Days,Dubai,International
83,Ramesh,Wellness Tourism,10 Days,Madurai,Local
84,Chris,Entertainment,11 Days,Bangkok,International
85,Suresh,Relaxation Purpose,2 Days,Kochi,Local
86,Arun,Entertainment,14 Days,Calicut,Local
87,David,Wellness Tourism,6 Days,Dubai,International
88,Divya,Relaxation Purpose,13 Days,Calicut,Local
89,Michael,Wellness Tourism,4 Days,Toronto,International
90,Chris,Entertainment,2 Days,Paris,International
91,Vijay,Wellness Tourism,13 Days,Thiruvananthapuram,Local
92,Olivia,Relaxation Purpose,1 Days,New York,International
93,Nandhini,Entertainment,13 Days,Chennai,Local
94,Manoj,Agro Tourism,4 Days,Thiruvananthapuram,Local
95,Suresh,Entertainment,4 Days,Thiruvananthapuram,Local
96,Liam,Agro Tourism,6 Days,Toronto,International
97,Chris,Agro Tourism,9 Days,Sydney,International
98,Muthu,Agro Tourism,12 Days,Kochi,Local
99,Gokul,Wellness Tourism,13 Days,Madurai,Local
100,Emma,Wellness Tourism,1 Days,Dubai,International
101,Meena,Entertainment,12 Days,Trichy,Local
102,Prabhu,Relaxation Purpose,8 Days,Calicut,Local
103,Sophia,Agro Tourism,7 Days,Tokyo,International
104,Vijay,Relaxation Purpose,7 Days,Chennai,Local
105,Nandhini,Agro Tourism,6 Days,Thiruvananthapuram,Local
106,Olivia,Entertainment,3 Days,New York,International
107,Olivia,Wellness Tourism,12 Days,Tokyo,International
108,Divya,Agro Tourism,4 Days,Madurai,Local
109,Emma,Entertainment,6 Days,New York,International
110,David,Relaxation Purpose,8 Days,Toronto,International
111,Priya,Agro Tourism,14 Days,Tirunelveli,Local
112,Chris,Wellness Tourism,11 Days,Dubai,International
113,Revathi,Wellness Tourism,11 Days,Kottayam,Local
114,Olivia,Wellness Tourism,8 Days,Bangkok,International
115,Michael,Relaxation Purpose,15 Days,Bangkok,International
116,John,Entertainment,15 Days,Paris,International
117,Priya,Relaxation Purpose,10 Days,Tirunelveli,Local
118,Emily,Relaxation Purpose,12 Days,Paris,International
119,Olivia,Entertainment,9 Days,New York,International
120,Nandhini,Wellness Tourism,8 Days,Thiruvananthapuram,Local
121,Vijay,Relaxation Purpose,13 Days,Kottayam,Local
122,Olivia,Entertainment,14 Days,New York,International
123,Emma,Wellness Tourism,12 Days,Dubai,International
124,Divya,Entertainment,6 Days,Kochi,Local
125,Sophia,Agro Tourism,3 Days,Bangkok,International
126,Saravanan,Wellness Tourism,15 Days,Kochi,Local
127,David,Wellness Tourism,15 Days,Toronto,International
128,Gokul,Wellness Tourism,4 Days,Kochi,Local
129,Chris,Wellness Tourism,11 Days,Bangkok,International
130,John,Entertainment,6 Days,London,International
131,Sophia,Relaxation Purpose,4 Days,Dubai,International
132,Anitha,Entertainment,9 Days,Tirunelveli,Local
133,Chris,Agro Tourism,8 Days,Sydney,International
134,Suresh,Wellness Tourism,13 Days,Erode,Local
135,Meena,Entertainment,9 Days,Kochi,Local
136,Anitha,Relaxation Purpose,5 Days,Madurai,Local
137,Gokul,Wellness Tourism,10 Days,Kochi,Local
138,Sophia,Agro Tourism,9 Days,Dubai,International
139,Prabhu,Entertainment,14 Days,Kottayam,Local
140,Sophia,Wellness Tourism,8 Days,Maldives,International
141,Sophia,Relaxation Purpose,1 Days,Sydney,International
142,Liam,Relaxation Purpose,5 Days,Dubai,International
143,Olivia,Agro Tourism,8 Days,Singapore,International
144,Priya,Agro Tourism,5 Days,Madurai,Local
145,Deepak,Relaxation Purpose,15 Days,Tirunelveli,Local
146,Lakshmi,Relaxation Purpose,4 Days,Chennai,Local
147,Isabella,Wellness Tourism,14 Days,Tokyo,International
148,Sophia,Relaxation Purpose,10 Days,London,International
149,Michael,Wellness Tourism,13 Days,Maldives,International
150,Isabella,Relaxation Purpose,1 Days,Singapore,International
151,Harish,Relaxation Purpose,12 Days,Kottayam,Local
152,Emily,Relaxation Purpose,7 Days,New York,International
153,Priya,Agro Tourism,13 Days,Trichy,Local
154,Ramesh,Relaxation Purpose,8 Days,Trichy,Local
155,Vijay,Wellness Tourism,9 Days,Chennai,Local
156,Sophia,Relaxation Purpose,12 Days,Maldives,International
157,Muthu,Agro Tourism,2 Days,Kottayam,Local
158,Meena,Agro Tourism,12 Days,Kochi,Local
159,Suresh,Agro Tourism,6 Days,Chennai,Local
160,Emily,Relaxation Purpose,15 Days,Sydney,International
161,Isabella,Entertainment,12 Days,Singapore,International
162,Karthik,Agro Tourism,9 Days,Kottayam,Local
163,Arun,Entertainment,13 Days,Kottayam,Local
164,Olivia,Entertainment,3 Days,Paris,International
165,Isabella,Wellness Tourism,6 Days,London,International
166,Deepak,Relaxation Purpose,3 Days,Trichy,Local
167,Emily,Relaxation Purpose,3 Days,London,International
168,Chris,Relaxation Purpose,6 Days,Paris,International
169,Muthu,Agro Tourism,4 Days,Thiruvananthapuram,Local
170,Vijay,Entertainment,10 Days,Kottayam,Local
171,Prabhu,Relaxation Purpose,6 Days,Coimbatore,Local
172,Arun,Agro Tourism,7 Days,Tirunelveli,Local
173,John,Relaxation Purpose,11 Days,Paris,International
174,Liam,Agro Tourism,11 Days,Tokyo,International
175,Nandhini,Relaxation Purpose,1 Days,Kochi,Local
176,Chris,Entertainment,6 Days,London,International
177,Chris,Entertainment,2 Days,Maldives,International
178,Lakshmi,Agro Tourism,10 Days,Kochi,Local
179,Michael,Relaxation Purpose,11 Days,Toronto,International
180,Saravanan,Agro Tourism,11 Days,Kochi,Local
181,Muthu,Wellness Tourism,8 Days,Erode,Local
182,Chris,Wellness Tourism,3 Days,New York,International
183,David,Relaxation Purpose,13 Days,New York,International
184,Liam,Entertainment,1 Days,Bangkok,International
185,John,Wellness Tourism,11 Days,Toronto,International
186,Isabella,Wellness Tourism,8 Days,Tokyo,International
187,David,Entertainment,2 Days,Dubai,International
188,Arun,Entertainment,7 Days,Trichy,Local
189,Muthu,Wellness Tourism,5 Days,Kottayam,Local
190,Gokul,Agro Tourism,8 Days,Erode,Local
191,Deepak,Agro Tourism,4 Days,Trichy,Local
192,Ramesh,Entertainment,11 Days,Kochi,Local
193,Michael,Entertainment,9 Days,London,International
194,Gokul,Relaxation Purpose,7 Days,Erode,Local
195,Emma,Wellness Tourism,11 Days,Tokyo,International
196,Manoj,Wellness Tourism,1 Days,Trichy,Local
197,Liam,Relaxation Purpose,9 Days,Paris,International
198,Sophia,Entertainment,2 Days,Maldives,International
199,Saravanan,Agro Tourism,1 Days,Kochi,Local
200,Lakshmi,Agro Tourism,1 Days,Madurai,Local
201,David,Agro Tourism,4 Days,Paris,International
202,Arun,Relaxation Purpose,14 Days,Tirunelveli,Local
203,Emily,Entertainment,5 Days,Singapore,International
204,Revathi,Wellness Tourism,9 Days,Trichy,Local
205,Lakshmi,Agro Tourism,7 Days,Kochi,Local
206,Manoj,Agro Tourism,7 Days,Madurai,Local
207,Suresh,Agro Tourism,11 Days,Trichy,Local
208,Chris,Wellness Tourism,3 Days,Toronto,International
209,Manoj,Entertainment,7 Days,Tirunelveli,Local
210,Saravanan,Entertainment,4 Days,Tirunelveli,Local
211,Divya,Entertainment,10 Days,Kottayam,Local
212,Prabhu,Relaxation Purpose,2 Days,Calicut,Local
213,Nandhini,Agro Tourism,3 Days,Kottayam,Local
214,Prabhu,Entertainment,2 Days,Madurai,Local
215,Emily,Relaxation Purpose,8 Days,Dubai,International
216,Suresh,Relaxation Purpose,8 Days,Coimbatore,Local
217,Sophia,Wellness Tourism,1 Days,Tokyo,International
218,Chris,Relaxation Purpose,6 Days,Paris,International
219,Muthu,Wellness Tourism,15 Days,Kochi,Local
220,David,Wellness Tourism,12 Days,Dubai,International
221,Michael,Relaxation Purpose,7 Days,New York,International
222,Manoj,Wellness Tourism,15 Days,Thiruvananthapuram,Local
223,Emma,Relaxation Purpose,9 Days,Maldives,International
224,Arun,Entertainment,1 Days,Thiruvananthapuram,Local
225,Liam,Relaxation Purpose,6 Days,Dubai,International
226,David,Agro Tourism,9 Days,Maldives,International
227,Liam,Wellness Tourism,11 Days,Paris,International
228,Isabella,Relaxation Purpose,9 Days,Sydney,International
229,Anitha,Relaxation Purpose,15 Days,Thiruvananthapuram,Local
230,Revathi,Agro Tourism,15 Days,Calicut,Local
231,Deepak,Entertainment,10 Days,Calicut,Local
232,Lakshmi,Entertainment,8 Days,Kottayam,Local
233,Sathya,Wellness Tourism,14 Days,Chennai,Local
234,David,Agro Tourism,8 Days,Toronto,International
235,Sophia,Entertainment,13 Days,Paris,International
236,Meena,Relaxation Purpose,11 Days,Madurai,Local
237,Harish,Entertainment,3 Days,Kottayam,Local
238,John,Entertainment,15 Days,London,International
239,Sophia,Relaxation Purpose,3 Days,Paris,International
240,Harish,Agro Tourism,8 Days,Calicut,Local
241,Karthik,Relaxation Purpose,7 Days,Erode,Local
242,Emma,Relaxation Purpose,14 Days,Bangkok,International
243,Olivia,Relaxation Purpose,9 Days,Bangkok,International
244,Michael,Agro Tourism,8 Days,New York,International
245,Priya,Entertainment,13 Days,Coimbatore,Local
246,Suresh,Agro Tourism,15 Days,Kottayam,Local
247,Emma,Entertainment,6 Days,Singapore,International
248,Karthik,Agro Tourism,7 Days,Chennai,Local
249,Michael,Agro Tourism,3 Days,Paris,International
250,Liam,Relaxation Purpose,6 Days,Maldives,International
251,Manoj,Relaxation Purpose,6 Days,Kochi,Local
252,Olivia,Agro Tourism,15 Days,New York,International
253,Sathya,Relaxation Purpose,10 Days,Tirunelveli,Local
254,Divya,Agro Tourism,15 Days,Tirunelveli,Local
255,Liam,Entertainment,9 Days,Tokyo,International
256,Saravanan,Wellness Tourism,10 Days,Thiruvananthapuram,Local
257,Isabella,Entertainment,4 Days,Paris,International
258,Isabella,Agro Tourism,12 Days,Tokyo,International
259,Sophia,Agro Tourism,13 Days,New York,International
260,Saravanan,Agro Tourism,8 Days,Erode,Local
261,Chris,Relaxation Purpose,10 Days,London,International
262,David,Relaxation Purpose,11 Days,Sydney,International
263,Nandhini,Agro Tourism,14 Days,Madurai,Local
264,Sathya,Agro Tourism,14 Days,Chennai,Local
265,Divya,Agro Tourism,14 Days,Calicut,Local
266,David,Wellness Tourism,14 Days,Toronto,International
267,Liam,Entertainment,13 Days,Sydney,International
268,Emma,Relaxation Purpose,1 Days,Tokyo,International
269,Olivia,Agro Tourism,14 Days,Maldives,International
270,Karthik,Entertainment,5 Days,Erode,Local
271,Liam,Wellness Tourism,7 Days,Dubai,International
272,Emily,Agro Tourism,4 Days,Maldives,International
273,Emma,Agro Tourism,14 Days,Sydney,International
274,Sophia,Agro Tourism,13 Days,London,International
275,Isabella,Agro Tourism,9 Days,Dubai,International
276,Emma,Relaxation Purpose,5 Days,Maldives,International
277,Emily,Wellness Tourism,8 Days,Sydney,International
278,Saravanan,Agro Tourism,5 Days,Trichy,Local
279,Nandhini,Wellness Tourism,8 Days,Coimbatore,Local
280,Emma,Relaxation Purpose,14 Days,Maldives,International
281,Liam,Entertainment,12 Days,Dubai,International
282,Nandhini,Entertainment,1 Days,Tirunelveli,Local
283,Vijay,Wellness Tourism,4 Days,Tirunelveli,Local
284,Manoj,Entertainment,8 Days,Chennai,Local
285,Liam,Wellness Tourism,6 Days,Dubai,International
286,David,Agro Tourism,2 Days,Paris,International
287,Sophia,Wellness Tourism,1 Days,Bangkok,International
288,Chris,Relaxation Purpose,12 Days,Singapore,International
289,Olivia,Wellness Tourism,5 Days,Tokyo,International
290,Anitha,Entertainment,3 Days,Chennai,Local
291,Revathi,Wellness Tourism,6 Days,Kochi,Local
292,John,Entertainment,9 Days,Dubai,International
293,Olivia,Agro Tourism,15 Days,London,International
294,Revathi,Entertainment,4 Days,Tirunelveli,Local
295,Arun,Agro Tourism,13 Days,Thiruvananthapuram,Local
296,Isabella,Relaxation Purpose,2 Days,Paris,International
297,Sophia,Entertainment,8 Days,Dubai,International
298,David,Agro Tourism,5 Days,Bangkok,International
299,Ramesh,Agro Tourism,10 Days,Erode,Local
300,Divya,Relaxation Purpose,11 Days,Madurai,Local
301,Meena,Agro Tourism,5 Days,Erode,Local
302,Olivia,Entertainment,11 Days,Sydney,International
303,Meena,Relaxation Purpose,10 Days,Trichy,Local
304,Gokul,Entertainment,2 Days,Chennai,Local
305,Chris,Entertainment,9 Days,Maldives,International
306,Suresh,Agro Tourism,3 Days,Erode,Local
307,Prabhu,Agro Tourism,9 Days,Chennai,Local
308,Anitha,Agro Tourism,13 Days,Erode,Local
309,Sophia,Relaxation Purpose,2 Days,Toronto,International
310,Revathi,Entertainment,5 Days,Erode,Local
311,Chris,Agro Tourism,9 Days,Sydney,International
312,Arun,Relaxation Purpose,7 Days,Tirunelveli,Local
313,Isabella,Entertainment,15 Days,Bangkok,International
314,Emma,Entertainment,10 Days,Singapore,International
315,Suresh,Entertainment,2 Days,Tirunelveli,Local
316,Chris,Entertainment,10 Days,London,International
317,Isabella,Agro Tourism,2 Days,New York,International
318,Olivia,Wellness Tourism,4 Days,Toronto,International
319,Vijay,Wellness Tourism,7 Days,Erode,Local
320,Nandhini,Entertainment,8 Days,Calicut,Local
321,Arun,Relaxation Purpose,6 Days,Madurai,Local
322,Emma,Wellness Tourism,13 Days,Dubai,International
323,Isabella,Entertainment,8 Days,Maldives,International
324,Arun,Relaxation Purpose,15 Days,Coimbatore,Local
325,Revathi,Agro Tourism,15 Days,Calicut,Local
326,Meena,Wellness Tourism,1 Days,Madurai,Local
327,John,Agro Tourism,7 Days,Maldives,International
328,Michael,Entertainment,5 Days,Tokyo,International
329,Sophia,Agro Tourism,8 Days,London,International
330,Anitha,Relaxation Purpose,1 Days,Chennai,Local
331,Prabhu,Entertainment,3 Days,Madurai,Local
332,Gokul,Entertainment,7 Days,Tirunelveli,Local
333,Prabhu,Relaxation Purpose,14 Days,Kottayam,Local
334,Sophia,Agro Tourism,9 Days,Dubai,International
335,Emma,Relaxation Purpose,12 Days,Singapore,International
336,Saravanan,Agro Tourism,2 Days,Trichy,Local
337,Olivia,Entertainment,8 Days,Dubai,International
338,John,Relaxation Purpose,11 Days,Paris,International
339,Prabhu,Wellness Tourism,14 Days,Madurai,Local
340,Emily,Wellness Tourism,15 Days,London,International
341,Isabella,Entertainment,13 Days,Singapore,International
342,Emma,Relaxation Purpose,6 Days,Maldives,International
343,David,Relaxation Purpose,15 Days,Sydney,International
344,Anitha,Wellness Tourism,9 Days,Tirunelveli,Local
345,John,Agro Tourism,11 Days,Toronto,International
346,Isabella,Wellness Tourism,12 Days,Singapore,International
347,Suresh,Wellness Tourism,8 Days,Chennai,Local
348,Liam,Agro Tourism,14 Days,Tokyo,International
349,David,Agro Tourism,6 Days,Singapore,International
350,John,Entertainment,14 Days,Sydney,International
351,Sophia,Wellness Tourism,9 Days,London,International
352,Chris,Entertainment,10 Days,Tokyo,International
353,Vijay,Entertainment,2 Days,Erode,Local
354,Karthik,Relaxation Purpose,10 Days,Kottayam,Local
355,Chris,Wellness Tourism,15 Days,Sydney,International
356,Ramesh,Relaxation Purpose,12 Days,Coimbatore,Local
357,Isabella,Relaxation Purpose,7 Days,New York,International
358,Muthu,Relaxation Purpose,9 Days,Madurai,Local
359,Sophia,Relaxation Purpose,11 Days,Singapore,International
360,Olivia,Agro Tourism,1 Days,Toronto,International
361,Isabella,Wellness Tourism,5 Days,London,International
362,Sathya,Agro Tourism,10 Days,Coimbatore,Local
363,Michael,Entertainment,12 Days,Toronto,International
364,Liam,Wellness Tourism,6 Days,Dubai,International
365,David,Relaxation Purpose,3 Days,Tokyo,International
366,Priya,Wellness Tourism,8 Days,Kottayam,Local
367,John,Wellness Tourism,9 Days,Bangkok,International
368,Revathi,Wellness Tourism,9 Days,Tirunelveli,Local
369,Sathya,Agro Tourism,11 Days,Thiruvananthapuram,Local
370,Sophia,Agro Tourism,8 Days,Dubai,International
371,Lakshmi,Agro Tourism,2 Days,Calicut,Local
372,David,Agro Tourism,1 Days,Bangkok,International
373,John,Relaxation Purpose,11 Days,Dubai,International
374,Arun,Agro Tourism,2 Days,Madurai,Local
375,Chris,Entertainment,8 Days,Maldives,International
376,Michael,Relaxation Purpose,10 Days,Singapore,International
377,Deepak,Entertainment,15 Days,Tirunelveli,Local
378,Olivia,Agro Tourism,7 Days,New York,International
379,John,Agro Tourism,8 Days,Toronto,International
380,Karthik,Wellness Tourism,1 Days,Erode,Local
381,Olivia,Agro Tourism,2 Days,Paris,International
382,Olivia,Agro Tourism,10 Days,Bangkok,International
383,Arun,Relaxation Purpose,1 Days,Kochi,Local
384,Liam,Entertainment,14 Days,London,International
385,Deepak,Entertainment,12 Days,Erode,Local
386,Liam,Relaxation Purpose,1 Days,Maldives,International
387,Prabhu,Entertainment,15 Days,Thiruvananthapuram,Local
388,Emily,Relaxation Purpose,8 Days,Paris,International
389,Olivia,Agro Tourism,15 Days,Tokyo,International
390,Emma,Relaxation Purpose,7 Days,London,International
391,Anitha,Wellness Tourism,13 Days,Kochi,Local
392,Harish,Agro Tourism,15 Days,Erode,Local
393,Olivia,Relaxation Purpose,5 Days,Singapore,International
394,Emma,Entertainment,10 Days,Maldives,International
395,Michael,Entertainment,5 Days,Tokyo,International
396,Isabella,Entertainment,1 Days,Tokyo,International
397,Isabella,Relaxation Purpose,1 Days,Maldives,International
398,Muthu,Wellness Tourism,11 Days,Kottayam,Local
399,Sophia,Relaxation Purpose,2 Days,Sydney,International
400,Priya,Agro Tourism,9 Days,Kochi,Local
401,Sophia,Agro Tourism,11 Days,Toronto,International
402,Emily,Entertainment,11 Days,Toronto,International
403,Isabella,Entertainment,4 Days,New York,International
404,Emma,Relaxation Purpose,3 Days,Maldives,International
405,Ramesh,Relaxation Purpose,11 Days,Thiruvananthapuram,Local
406,Prabhu,Agro Tourism,5 Days,Trichy,Local
407,David,Agro Tourism,10 Days,Dubai,International
408,Olivia,Entertainment,3 Days,Singapore,International
409,John,Wellness Tourism,3 Days,Toronto,International
410,Nandhini,Agro Tourism,8 Days,Kottayam,Local
411,John,Entertainment,5 Days,Sydney,International
412,Olivia,Relaxation Purpose,9 Days,Maldives,International
413,Liam,Relaxation Purpose,3 Days,Maldives,International
414,Michael,Agro Tourism,7 Days,Tokyo,International
415,Isabella,Wellness Tourism,2 Days,Sydney,International
416,Divya,Wellness Tourism,8 Days,Madurai,Local
417,David,Relaxation Purpose,2 Days,Sydney,International
418,Suresh,Wellness Tourism,14 Days,Erode,Local
419,Emma,Wellness Tourism,5 Days,London,International
420,Prabhu,Relaxation Purpose,2 Days,Coimbatore,Local
421,Revathi,Wellness Tourism,7 Days,Calicut,Local
422,David,Wellness Tourism,11 Days,Dubai,International
423,Suresh,Wellness Tourism,6 Days,Erode,Local
424,Sophia,Relaxation Purpose,10 Days,Bangkok,International
425,Harish,Wellness Tourism,7 Days,Kottayam,Local
426,Emma,Agro Tourism,12 Days,Paris,International
427,Isabella,Agro Tourism,14 Days,Sydney,International
428,Emma,Agro Tourism,14 Days,Tokyo,International
429,David,Relaxation Purpose,11 Days,Dubai,International
430,Emma,Agro Tourism,1 Days,New York,International
431,Michael,Wellness Tourism,5 Days,Toronto,International
432,Karthik,Entertainment,9 Days,Trichy,Local
433,Sathya,Entertainment,1 Days,Erode,Local
434,Gokul,Relaxation Purpose,1 Days,Madurai,Local
435,Lakshmi,Entertainment,9 Days,Thiruvananthapuram,Local
436,Emma,Entertainment,1 Days,Maldives,International
437,Liam,Agro Tourism,13 Days,Maldives,International
438,Michael,Relaxation Purpose,11 Days,Maldives,International
439,Gokul,Wellness Tourism,3 Days,Calicut,Local
440,David,Wellness Tourism,2 Days,London,International
441,Arun,Agro Tourism,7 Days,Chennai,Local
442,Harish,Relaxation Purpose,8 Days,Trichy,Local
443,Olivia,Relaxation Purpose,7 Days,Tokyo,International
444,Nandhini,Entertainment,12 Days,Tirunelveli,Local
445,Michael,Wellness Tourism,11 Days,New York,International
446,Liam,Wellness Tourism,6 Days,London,International
447,Nandhini,Agro Tourism,5 Days,Thiruvananthapuram,Local
448,Arun,Wellness Tourism,8 Days,Chennai,Local
449,Isabella,Wellness Tourism,1 Days,Sydney,International
450,Liam,Relaxation Purpose,10 Days,Bangkok,International
451,Chris,Entertainment,14 Days,Dubai,International
452,Nandhini,Entertainment,2 Days,Calicut,Local
453,Divya,Wellness Tourism,9 Days,Trichy,Local
454,Revathi,Agro Tourism,2 Days,Kochi,Local
455,Emma,Wellness Tourism,15 Days,Tokyo,International
456,Nandhini,Wellness Tourism,6 Days,Chennai,Local
457,Sathya,Entertainment,7 Days,Thiruvananthapuram,Local
458,Chris,Relaxation Purpose,7 Days,Paris,International
459,Michael,Wellness Tourism,7 Days,New York,International
460,Gokul,Entertainment,4 Days,Chennai,Local
461,Isabella,Relaxation Purpose,8 Days,Sydney,International
462,Nandhini,Entertainment,13 Days,Thiruvananthapuram,Local
463,Meena,Agro Tourism,8 Days,Erode,Local
464,Chris,Wellness Tourism,2 Days,Tokyo,International
465,Isabella,Relaxation Purpose,8 Days,Toronto,International
466,Anitha,Relaxation Purpose,1 Days,Erode,Local
467,David,Relaxation Purpose,7 Days,Toronto,International
468,Liam,Entertainment,6 Days,Paris,International
469,Divya,Agro Tourism,3 Days,Madurai,Local
470,Karthik,Agro Tourism,11 Days,Erode,Local
471,Divya,Wellness Tourism,15 Days,Erode,Local
472,Harish,Relaxation Purpose,4 Days,Calicut,Local
473,Ramesh,Relaxation Purpose,3 Days,Kochi,Local
474,Nandhini,Entertainment,1 Days,Thiruvananthapuram,Local
475,Revathi,Wellness Tourism,14 Days,Coimbatore,Local
476,Deepak,Relaxation Purpose,10 Days,Chennai,Local
477,Revathi,Entertainment,4 Days,Coimbatore,Local
478,Deepak,Wellness Tourism,1 Days,Coimbatore,Local
479,Olivia,Entertainment,13 Days,Maldives,International
480,Karthik,Wellness Tourism,13 Days,Calicut,Local
481,Harish,Wellness Tourism,10 Days,Trichy,Local
482,Emma,Agro Tourism,8 Days,Maldives,International
483,Arun,Wellness Tourism,13 Days,Erode,Local
484,Gokul,Agro Tourism,11 Days,Chennai,Local
485,Anitha,Agro Tourism,11 Days,Erode,Local
486,Deepak,Entertainment,11 Days,Coimbatore,Local
487,Olivia,Relaxation Purpose,2 Days,Singapore,International
488,Chris,Entertainment,11 Days,Maldives,International
489,Chris,Relaxation Purpose,8 Days,Paris,International
490,Harish,Entertainment,14 Days,Trichy,Local
491,Priya,Agro Tourism,9 Days,Kottayam,Local
492,Meena,Agro Tourism,12 Days,Tirunelveli,Local
493,Revathi,Agro Tourism,14 Days,Coimbatore,Local
494,Michael,Relaxation Purpose,13 Days,Dubai,International
495,Divya,Entertainment,2 Days,Trichy,Local
496,Ramesh,Entertainment,5 Days,Madurai,Local
497,David,Entertainment,10 Days,New York,International
498,Michael,Wellness Tourism,15 Days,Bangkok,International
499,Arun,Entertainment,5 Days,Kottayam,Local
500,John,Entertainment,13 Days,Tokyo,International
501,Meena,Agro Tourism,10 Days,Tirunelveli,Local
502,John,Wellness Tourism,7 Days,Singapore,International
503,Divya,Wellness Tourism,1 Days,Thiruvananthapuram,Local
504,Emily,Wellness Tourism,10 Days,Bangkok,International
505,Sophia,Agro Tourism,8 Days,Toronto,International
506,David,Relaxation Purpose,13 Days,London,International
507,Suresh,Wellness Tourism,7 Days,Coimbatore,Local
508,Manoj,Relaxation Purpose,8 Days,Coimbatore,Local
509,John,Entertainment,1 Days,New York,International
510,Liam,Agro Tourism,4 Days,Singapore,International
511,Chris,Agro Tourism,15 Days,New York,International
512,Prabhu,Entertainment,5 Days,Kottayam,Local
513,Sathya,Agro Tourism,3 Days,Tirunelveli,Local
514,Chris,Entertainment,11 Days,London,International
515,Nandhini,Entertainment,11 Days,Tirunelveli,Local
516,John,Agro Tourism,8 Days,Maldives,International
517,Karthik,Wellness Tourism,9 Days,Madurai,Local
518,Gokul,Entertainment,7 Days,Tirunelveli,Local
519,Suresh,Entertainment,4 Days,Madurai,Local
520,Prabhu,Relaxation Purpose,8 Days,Madurai,Local
521,John,Relaxation Purpose,7 Days,Dubai,International
522,Harish,Wellness Tourism,13 Days,Calicut,Local
523,Priya,Relaxation Purpose,6 Days,Calicut,Local
524,Chris,Agro Tourism,4 Days,Tokyo,International
525,Suresh,Entertainment,8 Days,Chennai,Local
526,Chris,Wellness Tourism,2 Days,Dubai,International
527,John,Agro Tourism,10 Days,London,International
528,Arun,Agro Tourism,3 Days,Erode,Local
529,Chris,Entertainment,11 Days,Tokyo,International
530,Emily,Relaxation Purpose,8 Days,Tokyo,International
531,Ramesh,Wellness Tourism,2 Days,Tirunelveli,Local
532,Divya,Relaxation Purpose,1 Days,Erode,Local
533,Olivia,Relaxation Purpose,5 Days,Singapore,International
534,Manoj,Wellness Tourism,2 Days,Chennai,Local
535,Vijay,Entertainment,2 Days,Calicut,Local
536,Lakshmi,Relaxation Purpose,1 Days,Tirunelveli,Local
537,Priya,Agro Tourism,14 Days,Coimbatore,Local
538,Olivia,Wellness Tourism,3 Days,Tokyo,International
539,Chris,Entertainment,4 Days,Tokyo,International
540,Emma,Agro Tourism,12 Days,New York,International
541,Manoj,Agro Tourism,7 Days,Kottayam,Local
542,David,Relaxation Purpose,3 Days,Sydney,International
543,Chris,Agro Tourism,12 Days,Sydney,International
544,Suresh,Agro Tourism,6 Days,Kottayam,Local
545,Karthik,Wellness Tourism,14 Days,Coimbatore,Local
546,Olivia,Agro Tourism,13 Days,Dubai,International
547,Olivia,Relaxation Purpose,9 Days,Maldives,International
548,Priya,Wellness Tourism,7 Days,Coimbatore,Local
549,Chris,Agro Tourism,4 Days,New York,International
550,Olivia,Relaxation Purpose,6 Days,London,International
551,Lakshmi,Wellness Tourism,6 Days,Kochi,Local
552,Lakshmi,Relaxation Purpose,10 Days,Kochi,Local
553,David,Relaxation Purpose,11 Days,Toronto,International
554,John,Relaxation Purpose,2 Days,Bangkok,International
555,Gokul,Entertainment,11 Days,Madurai,Local
556,Karthik,Wellness Tourism,12 Days,Madurai,Local
557,Olivia,Agro Tourism,9 Days,London,International
558,Muthu,Agro Tourism,10 Days,Thiruvananthapuram,Local
559,Olivia,Agro Tourism,5 Days,Dubai,International
560,Michael,Agro Tourism,4 Days,Bangkok,International
561,Chris,Entertainment,11 Days,New York,International
562,Emily,Relaxation Purpose,15 Days,Singapore,International
563,David,Relaxation Purpose,12 Days,Singapore,International
564,Gokul,Entertainment,3 Days,Erode,Local
565,Divya,Agro Tourism,1 Days,Madurai,Local
566,Ramesh,Agro Tourism,3 Days,Kochi,Local
567,Anitha,Relaxation Purpose,2 Days,Erode,Local
568,Saravanan,Agro Tourism,15 Days,Thiruvananthapuram,Local
569,Emily,Relaxation Purpose,12 Days,Singapore,International
570,Olivia,Entertainment,15 Days,London,International
571,David,Relaxation Purpose,13 Days,Bangkok,International
572,Emma,Entertainment,6 Days,Dubai,International
573,Deepak,Entertainment,2 Days,Chennai,Local
574,Suresh,Relaxation Purpose,13 Days,Thiruvananthapuram,Local
575,Isabella,Agro Tourism,11 Days,Dubai,International
576,Emily,Agro Tourism,2 Days,Tokyo,International
577,Liam,Relaxation Purpose,9 Days,Dubai,International
578,Meena,Wellness Tourism,1 Days,Calicut,Local
579,Sathya,Agro Tourism,10 Days,Chennai,Local
580,Emma,Relaxation Purpose,11 Days,Paris,International
581,Suresh,Agro Tourism,4 Days,Calicut,Local
582,Chris,Relaxation Purpose,2 Days,Maldives,International
583,Emma,Agro Tourism,2 Days,Maldives,International
584,Karthik,Entertainment,4 Days,Tirunelveli,Local
585,Meena,Wellness Tourism,8 Days,Calicut,Local
586,Emily,Entertainment,13 Days,Tokyo,International
587,Emily,Relaxation Purpose,1 Days,Bangkok,International
588,Michael,Wellness Tourism,14 Days,Bangkok,International
589,Revathi,Agro Tourism,6 Days,Erode,Local
590,Olivia,Wellness Tourism,4 Days,Toronto,International
591,Manoj,Entertainment,3 Days,Kochi,Local
592,Emma,Agro Tourism,10 Days,New York,International
593,Suresh,Wellness Tourism,12 Days,Kochi,Local
594,Divya,Wellness Tourism,7 Days,Chennai,Local
595,Sophia,Wellness Tourism,10 Days,Sydney,International
596,Emma,Wellness Tourism,13 Days,Singapore,International
597,John,Entertainment,10 Days,Tokyo,International
598,Harish,Entertainment,2 Days,Coimbatore,Local
599,Sophia,Agro Tourism,9 Days,Maldives,International
600,Chris,Agro Tourism,10 Days,Singapore,International
601,Liam,Relaxation Purpose,10 Days,Sydney,International
602,Olivia,Agro Tourism,10 Days,Singapore,International
603,Michael,Wellness Tourism,9 Days,Tokyo,International
604,Nandhini,Relaxation Purpose,8 Days,Calicut,Local
605,Harish,Wellness Tourism,9 Days,Madurai,Local
606,Anitha,Relaxation Purpose,15 Days,Trichy,Local
607,Karthik,Relaxation Purpose,2 Days,Coimbatore,Local
608,Emily,Entertainment,12 Days,Sydney,International
609,Olivia,Entertainment,14 Days,Sydney,International
610,Chris,Agro Tourism,15 Days,Bangkok,International
611,Deepak,Wellness Tourism,8 Days,Tirunelveli,Local
612,Priya,Relaxation Purpose,8 Days,Trichy,Local
613,Ramesh,Agro Tourism,1 Days,Madurai,Local
614,Revathi,Entertainment,12 Days,Kochi,Local
615,Gokul,Agro Tourism,12 Days,Coimbatore,Local
616,Michael,Agro Tourism,9 Days,Tokyo,International
617,Karthik,Entertainment,5 Days,Kochi,Local
618,Vijay,Relaxation Purpose,1 Days,Kottayam,Local
619,Isabella,Entertainment,4 Days,London,International
620,Harish,Wellness Tourism,2 Days,Kochi,Local
621,John,Agro Tourism,7 Days,New York,International
622,Chris,Agro Tourism,14 Days,Toronto,International
623,Manoj,Entertainment,14 Days,Coimbatore,Local
624,Sophia,Agro Tourism,15 Days,Sydney,International
625,Sophia,Relaxation Purpose,13 Days,Bangkok,International
626,David,Relaxation Purpose,15 Days,Singapore,International
627,Muthu,Relaxation Purpose,6 Days,Thiruvananthapuram,Local
628,Revathi,Entertainment,13 Days,Thiruvananthapuram,Local
629,Karthik,Entertainment,2 Days,Thiruvananthapuram,Local
630,Liam,Agro Tourism,12 Days,Sydney,International
631,John,Wellness Tourism,9 Days,Dubai,International
632,John,Wellness Tourism,1 Days,New York,International
633,Revathi,Agro Tourism,11 Days,Thiruvananthapuram,Local
634,Muthu,Relaxation Purpose,13 Days,Kottayam,Local
635,Revathi,Wellness Tourism,10 Days,Thiruvananthapuram,Local
636,Gokul,Wellness Tourism,1 Days,Kottayam,Local
637,Ramesh,Agro Tourism,4 Days,Madurai,Local
638,John,Relaxation Purpose,7 Days,New York,International
639,David,Wellness Tourism,7 Days,Singapore,International
640,Meena,Relaxation Purpose,3 Days,Chennai,Local
641,Isabella,Relaxation Purpose,7 Days,Toronto,International
642,Harish,Wellness Tourism,3 Days,Erode,Local
643,Revathi,Wellness Tourism,15 Days,Erode,Local
644,Lakshmi,Entertainment,14 Days,Kottayam,Local
645,Muthu,Relaxation Purpose,3 Days,Coimbatore,Local
646,Liam,Relaxation Purpose,13 Days,Tokyo,International
647,Manoj,Agro Tourism,12 Days,Chennai,Local
648,Liam,Relaxation Purpose,14 Days,Toronto,International
649,Arun,Relaxation Purpose,2 Days,Thiruvananthapuram,Local
650,John,Wellness Tourism,7 Days,Singapore,International
651,Chris,Entertainment,9 Days,London,International
652,Michael,Entertainment,5 Days,Dubai,International
653,David,Entertainment,9 Days,Bangkok,International
654,Isabella,Agro Tourism,5 Days,Maldives,International
655,Priya,Entertainment,10 Days,Kottayam,Local
656,Priya,Agro Tourism,5 Days,Trichy,Local
657,John,Agro Tourism,2 Days,Dubai,International
658,Lakshmi,Wellness Tourism,1 Days,Trichy,Local
659,Emily,Entertainment,15 Days,Toronto,International
660,Sathya,Relaxation Purpose,5 Days,Coimbatore,Local
661,Muthu,Agro Tourism,11 Days,Kochi,Local
662,Suresh,Entertainment,3 Days,Madurai,Local
663,Harish,Entertainment,15 Days,Tirunelveli,Local
664,Ramesh,Agro Tourism,13 Days,Tirunelveli,Local
665,Michael,Relaxation Purpose,13 Days,Sydney,International
666,Suresh,Wellness Tourism,3 Days,Calicut,Local
667,Meena,Wellness Tourism,7 Days,Thiruvananthapuram,Local
668,Chris,Relaxation Purpose,9 Days,Singapore,International
669,Anitha,Entertainment,6 Days,Thiruvananthapuram,Local
670,Liam,Agro Tourism,10 Days,London,International
671,Michael,Agro Tourism,7 Days,Paris,International
672,Ramesh,Wellness Tourism,1 Days,Madurai,Local
673,Saravanan,Relaxation Purpose,13 Days,Calicut,Local
674,Priya,Relaxation Purpose,13 Days,Calicut,Local
675,Olivia,Agro Tourism,2 Days,Singapore,International
676,Priya,Relaxation Purpose,13 Days,Kochi,Local
677,Emily,Agro Tourism,12 Days,Bangkok,International
678,Divya,Relaxation Purpose,6 Days,Coimbatore,Local
679,David,Relaxation Purpose,3 Days,Singapore,International
680,Michael,Wellness Tourism,6 Days,Paris,International
681,Sophia,Agro Tourism,10 Days,Dubai,International
682,Michael,Agro Tourism,10 Days,Dubai,International
683,Anitha,Relaxation Purpose,13 Days,Thiruvananthapuram,Local
684,Divya,Entertainment,15 Days,Calicut,Local
685,John,Relaxation Purpose,13 Days,Maldives,International
686,Suresh,Relaxation Purpose,9 Days,Kochi,Local
687,Isabella,Relaxation Purpose,15 Days,Dubai,International
688,Emma,Entertainment,6 Days,Maldives,International
689,Priya,Agro Tourism,2 Days,Kottayam,Local
690,Revathi,Wellness Tourism,5 Days,Chennai,Local
691,Vijay,Entertainment,8 Days,Tirunelveli,Local
692,Sophia,Wellness Tourism,10 Days,New York,International
693,Prabhu,Agro Tourism,5 Days,Madurai,Local
694,Anitha,Relaxation Purpose,10 Days,Chennai,Local
695,Sophia,Agro Tourism,15 Days,Toronto,International
696,Liam,Relaxation Purpose,14 Days,Singapore,International
697,Nandhini,Wellness Tourism,14 Days,Calicut,Local
698,Sophia,Relaxation Purpose,10 Days,Toronto,International
699,Vijay,Agro Tourism,14 Days,Erode,Local
700,Suresh,Relaxation Purpose,5 Days,Tirunelveli,Local
701,Revathi,Entertainment,15 Days,Madurai,Local
702,Chris,Relaxation Purpose,8 Days,Bangkok,International
703,Suresh,Agro Tourism,13 Days,Chennai,Local
704,Harish,Relaxation Purpose,2 Days,Madurai,Local
705,Priya,Wellness Tourism,7 Days,Coimbatore,Local
706,Meena,Wellness Tourism,8 Days,Thiruvananthapuram,Local
707,Lakshmi,Wellness Tourism,13 Days,Tirunelveli,Local
708,Lakshmi,Relaxation Purpose,5 Days,Coimbatore,Local
709,Emma,Wellness Tourism,12 Days,Singapore,International
710,Anitha,Wellness Tourism,3 Days,Thiruvananthapuram,Local
711,Michael,Agro Tourism,2 Days,Paris,International
712,Liam,Wellness Tourism,13 Days,Bangkok,International
713,Emma,Wellness Tourism,12 Days,Tokyo,International
714,Sathya,Agro Tourism,7 Days,Kottayam,Local
715,Michael,Relaxation Purpose,13 Days,London,International
716,Chris,Relaxation Purpose,10 Days,Dubai,International
717,Lakshmi,Agro Tourism,6 Days,Trichy,Local
718,Ramesh,Wellness Tourism,4 Days,Kochi,Local
719,Karthik,Entertainment,9 Days,Kottayam,Local
720,John,Relaxation Purpose,5 Days,Paris,International
721,Anitha,Wellness Tourism,14 Days,Erode,Local
722,Olivia,Relaxation Purpose,11 Days,Maldives,International
723,Emma,Wellness Tourism,4 Days,London,International
724,Michael,Entertainment,6 Days,Sydney,International
725,Chris,Agro Tourism,14 Days,London,International
726,Manoj,Agro Tourism,9 Days,Calicut,Local
727,Emma,Relaxation Purpose,15 Days,Tokyo,International
728,Isabella,Wellness Tourism,13 Days,Dubai,International
729,Meena,Wellness Tourism,12 Days,Madurai,Local
730,Lakshmi,Relaxation Purpose,5 Days,Tirunelveli,Local
731,Sophia,Entertainment,9 Days,Bangkok,International
732,Chris,Relaxation Purpose,13 Days,New York,International
733,Olivia,Relaxation Purpose,7 Days,Toronto,International
734,Priya,Relaxation Purpose,15 Days,Thiruvananthapuram,Local
735,Muthu,Wellness Tourism,6 Days,Coimbatore,Local
736,John,Wellness Tourism,3 Days,New York,International
737,Deepak,Agro Tourism,15 Days,Thiruvananthapuram,Local
738,Liam,Wellness Tourism,1 Days,New York,International
739,Karthik,Agro Tourism,7 Days,Erode,Local
740,John,Entertainment,8 Days,Dubai,International
741,Priya,Entertainment,1 Days,Trichy,Local
742,Anitha,Agro Tourism,1 Days,Calicut,Local
743,Muthu,Agro Tourism,11 Days,Kochi,Local
744,Isabella,Wellness Tourism,12 Days,Tokyo,International
745,Meena,Relaxation Purpose,15 Days,Kottayam,Local
746,Olivia,Agro Tourism,6 Days,Singapore,International
747,John,Entertainment,2 Days,Maldives,International
748,Chris,Entertainment,5 Days,Toronto,International
749,Chris,Relaxation Purpose,1 Days,Maldives,International
750,Isabella,Relaxation Purpose,4 Days,Paris,International
751,Anitha,Agro Tourism,11 Days,Madurai,Local
752,Chris,Relaxation Purpose,5 Days,Paris,International
753,Gokul,Agro Tourism,2 Days,Calicut,Local
754,Manoj,Relaxation Purpose,6 Days,Kottayam,Local
755,Meena,Relaxation Purpose,4 Days,Trichy,Local
756,Sophia,Wellness Tourism,9 Days,Toronto,International
757,David,Wellness Tourism,8 Days,Dubai,International
758,Sophia,Entertainment,5 Days,New York,International
759,Gokul,Relaxation Purpose,2 Days,Trichy,Local
760,Karthik,Wellness Tourism,12 Days,Trichy,Local
761,Manoj,Agro Tourism,5 Days,Chennai,Local
762,Manoj,Agro Tourism,10 Days,Madurai,Local
763,Suresh,Agro Tourism,2 Days,Coimbatore,Local
764,Sathya,Agro Tourism,13 Days,Madurai,Local
765,Olivia,Entertainment,10 Days,Tokyo,International
766,David,Agro Tourism,8 Days,Bangkok,International
767,Prabhu,Entertainment,1 Days,Coimbatore,Local
768,David,Wellness Tourism,2 Days,Toronto,International
769,Liam,Relaxation Purpose,2 Days,Tokyo,International
770,Chris,Relaxation Purpose,7 Days,Sydney,International
771,Michael,Relaxation Purpose,6 Days,Maldives,International
772,Isabella,Agro Tourism,8 Days,London,International
773,Michael,Wellness Tourism,11 Days,Tokyo,International
774,Ramesh,Wellness Tourism,1 Days,Calicut,Local
775,Meena,Relaxation Purpose,11 Days,Thiruvananthapuram,Local
776,Isabella,Agro Tourism,9 Days,Toronto,International
777,Sophia,Relaxation Purpose,7 Days,Toronto,International
778,Isabella,Wellness Tourism,3 Days,Dubai,International
779,Suresh,Agro Tourism,7 Days,Madurai,Local
780,Karthik,Wellness Tourism,7 Days,Tirunelveli,Local
781,Michael,Wellness Tourism,9 Days,London,International
782,Chris,Agro Tourism,8 Days,Dubai,International
783,Karthik,Relaxation Purpose,14 Days,Trichy,Local
784,Chris,Entertainment,12 Days,Bangkok,International
785,John,Relaxation Purpose,2 Days,Maldives,International
786,John,Wellness Tourism,3 Days,Singapore,International
787,Revathi,Entertainment,14 Days,Chennai,Local
788,Muthu,Entertainment,14 Days,Trichy,Local
789,Suresh,Agro Tourism,13 Days,Kochi,Local
790,Emma,Wellness Tourism,1 Days,Paris,International
791,Emma,Agro Tourism,8 Days,Tokyo,International
792,Emily,Entertainment,7 Days,Singapore,International
793,Manoj,Wellness Tourism,12 Days,Erode,Local
794,Harish,Entertainment,3 Days,Tirunelveli,Local
795,Muthu,Agro Tourism,2 Days,Tirunelveli,Local
796,Chris,Entertainment,13 Days,Toronto,International
797,Gokul,Agro Tourism,9 Days,Madurai,Local
798,David,Entertainment,6 Days,Maldives,International
799,Emma,Relaxation Purpose,15 Days,Tokyo,International
800,Liam,Agro Tourism,13 Days,Dubai,International
801,Manoj,Agro Tourism,3 Days,Thiruvananthapuram,Local
802,Harish,Relaxation Purpose,5 Days,Erode,Local
803,Liam,Wellness Tourism,4 Days,Bangkok,International
804,Priya,Relaxation Purpose,7 Days,Coimbatore,Local
805,Suresh,Relaxation Purpose,7 Days,Coimbatore,Local
806,Emily,Agro Tourism,6 Days,Toronto,International
807,Chris,Agro Tourism,3 Days,Toronto,International
808,Divya,Relaxation Purpose,10 Days,Thiruvananthapuram,Local
809,Harish,Agro Tourism,12 Days,Kochi,Local
810,Anitha,Wellness Tourism,3 Days,Chennai,Local
811,Arun,Entertainment,5 Days,Coimbatore,Local
812,Chris,Wellness Tourism,13 Days,Bangkok,International
813,Olivia,Relaxation Purpose,10 Days,Dubai,International
814,Priya,Relaxation Purpose,9 Days,Tirunelveli,Local
815,Isabella,Entertainment,15 Days,Sydney,International
816,Sathya,Agro Tourism,14 Days,Trichy,Local
817,Gokul,Entertainment,13 Days,Coimbatore,Local
818,Nandhini,Relaxation Purpose,15 Days,Tirunelveli,Local
819,Nandhini,Relaxation Purpose,3 Days,Erode,Local
820,Sophia,Entertainment,8 Days,London,International
821,Karthik,Relaxation Purpose,9 Days,Coimbatore,Local
822,Suresh,Wellness Tourism,3 Days,Erode,Local
823,Muthu,Relaxation Purpose,15 Days,Tirunelveli,Local
824,Liam,Entertainment,4 Days,Paris,International
825,Sophia,Entertainment,4 Days,Bangkok,International
826,Nandhini,Agro Tourism,4 Days,Madurai,Local
827,Liam,Wellness Tourism,4 Days,Sydney,International
828,David,Wellness Tourism,1 Days,New York,International
829,David,Wellness Tourism,13 Days,Bangkok,International
830,Sophia,Entertainment,1 Days,Tokyo,International
831,John,Relaxation Purpose,1 Days,Dubai,International
832,Anitha,Relaxation Purpose,4 Days,Calicut,Local
833,Sophia,Relaxation Purpose,12 Days,Tokyo,International
834,Harish,Agro Tourism,13 Days,Chennai,Local
835,Liam,Relaxation Purpose,1 Days,Toronto,International
836,Priya,Wellness Tourism,5 Days,Trichy,Local
837,Liam,Relaxation Purpose,4 Days,New York,International
838,Manoj,Relaxation Purpose,2 Days,Kottayam,Local
839,David,Wellness Tourism,3 Days,Sydney,International
840,Sophia,Relaxation Purpose,2 Days,Maldives,International
841,Olivia,Relaxation Purpose,13 Days,Tokyo,International
842,Gokul,Agro Tourism,13 Days,Chennai,Local
843,Isabella,Relaxation Purpose,15 Days,Bangkok,International
844,Chris,Agro Tourism,2 Days,London,International
845,Arun,Wellness Tourism,10 Days,Chennai,Local
846,Ramesh,Wellness Tourism,8 Days,Thiruvananthapuram,Local
847,Saravanan,Wellness Tourism,10 Days,Kottayam,Local
848,Prabhu,Agro Tourism,10 Days,Trichy,Local
849,Liam,Wellness Tourism,12 Days,Maldives,International
850,Muthu,Agro Tourism,5 Days,Tirunelveli,Local
851,Emily,Entertainment,14 Days,New York,International
852,Sophia,Agro Tourism,4 Days,London,International
853,Ramesh,Wellness Tourism,13 Days,Thiruvananthapuram,Local
854,Michael,Relaxation Purpose,2 Days,Bangkok,International
855,Divya,Agro Tourism,15 Days,Erode,Local
856,Sophia,Relaxation Purpose,9 Days,Dubai,International
857,Suresh,Agro Tourism,12 Days,Kottayam,Local
858,Emma,Entertainment,13 Days,Bangkok,International
859,Suresh,Entertainment,15 Days,Erode,Local
860,David,Relaxation Purpose,9 Days,Bangkok,International
861,Ramesh,Wellness Tourism,8 Days,Kochi,Local
862,Michael,Agro Tourism,3 Days,Maldives,International
863,Emily,Wellness Tourism,3 Days,Tokyo,International
864,Saravanan,Agro Tourism,6 Days,Chennai,Local
865,Divya,Wellness Tourism,8 Days,Trichy,Local
866,Chris,Relaxation Purpose,6 Days,Paris,International
867,John,Entertainment,13 Days,New York,International
868,Liam,Wellness Tourism,9 Days,Paris,International
869,Chris,Wellness Tourism,2 Days,Singapore,International
870,Isabella,Agro Tourism,13 Days,Paris,International
871,John,Wellness Tourism,4 Days,Dubai,International
872,Priya,Wellness Tourism,12 Days,Tirunelveli,Local
873,Ramesh,Wellness Tourism,4 Days,Calicut,Local
874,Emily,Entertainment,7 Days,Bangkok,International
875,Revathi,Wellness Tourism,8 Days,Madurai,Local
876,Michael,Relaxation Purpose,5 Days,Sydney,International
877,Gokul,Wellness Tourism,10 Days,Thiruvananthapuram,Local
878,Divya,Entertainment,14 Days,Erode,Local
879,John,Relaxation Purpose,3 Days,Tokyo,International
880,Nandhini,Entertainment,12 Days,Tirunelveli,Local
881,Olivia,Relaxation Purpose,10 Days,London,International
882,Sophia,Entertainment,4 Days,Dubai,International
883,Prabhu,Relaxation Purpose,12 Days,Trichy,Local
884,Chris,Agro Tourism,13 Days,Tokyo,International
885,Olivia,Entertainment,10 Days,London,International
886,Gokul,Entertainment,9 Days,Madurai,Local
887,Michael,Relaxation Purpose,4 Days,Sydney,International
888,Isabella,Entertainment,14 Days,Dubai,International
889,Emma,Entertainment,7 Days,Bangkok,International
890,Emma,Wellness Tourism,8 Days,Paris,International
891,Michael,Wellness Tourism,10 Days,Singapore,International
892,Muthu,Entertainment,7 Days,Coimbatore,Local
893,Isabella,Relaxation Purpose,4 Days,Sydney,International
894,Olivia,Agro Tourism,7 Days,Singapore,International
895,Vijay,Relaxation Purpose,6 Days,Erode,Local
896,Karthik,Relaxation Purpose,6 Days,Thiruvananthapuram,Local
897,Vijay,Entertainment,8 Days,Tirunelveli,Local
898,Sophia,Wellness Tourism,11 Days,Toronto,International
899,Lakshmi,Entertainment,13 Days,Kottayam,Local
900,Muthu,Wellness Tourism,4 Days,Chennai,Local
901,David,Entertainment,4 Days,Sydney,International
902,Emma,Wellness Tourism,3 Days,Singapore,International
903,Lakshmi,Relaxation Purpose,8 Days,Coimbatore,Local
904,Nandhini,Agro Tourism,8 Days,Madurai,Local
905,Muthu,Entertainment,12 Days,Thiruvananthapuram,Local
906,Revathi,Entertainment,11 Days,Kottayam,Local
907,Manoj,Entertainment,5 Days,Coimbatore,Local
908,Olivia,Entertainment,3 Days,Toronto,International
909,Muthu,Agro Tourism,13 Days,Trichy,Local
910,Lakshmi,Wellness Tourism,3 Days,Erode,Local
911,Gokul,Agro Tourism,10 Days,Trichy,Local
912,Divya,Relaxation Purpose,12 Days,Madurai,Local
913,Emma,Agro Tourism,9 Days,Sydney,International
914,Michael,Agro Tourism,6 Days,Bangkok,International
915,John,Agro Tourism,7 Days,Bangkok,International
916,David,Wellness Tourism,3 Days,Paris,International
917,Arun,Relaxation Purpose,1 Days,Trichy,Local
918,Olivia,Agro Tourism,5 Days,New York,International
919,Emily,Entertainment,5 Days,New York,International
920,Emily,Wellness Tourism,5 Days,Tokyo,International
921,Liam,Entertainment,14 Days,New York,International
922,Suresh,Wellness Tourism,11 Days,Chennai,Local
923,Liam,Relaxation Purpose,3 Days,Maldives,International
924,Harish,Entertainment,12 Days,Thiruvananthapuram,Local
925,Priya,Wellness Tourism,2 Days,Tirunelveli,Local
926,Michael,Agro Tourism,4 Days,Sydney,International
927,Emily,Agro Tourism,12 Days,Bangkok,International
928,Suresh,Wellness Tourism,6 Days,Kottayam,Local
929,Meena,Wellness Tourism,10 Days,Chennai,Local
930,Emily,Agro Tourism,13 Days,Paris,International
931,Liam,Entertainment,15 Days,Singapore,International
932,Sophia,Relaxation Purpose,13 Days,Tokyo,International
933,John,Relaxation Purpose,2 Days,Tokyo,International
934,Karthik,Relaxation Purpose,15 Days,Calicut,Local
935,Harish,Wellness Tourism,12 Days,Thiruvananthapuram,Local
936,Chris,Entertainment,15 Days,Singapore,International
937,Olivia,Entertainment,4 Days,Toronto,International
938,John,Relaxation Purpose,2 Days,Singapore,International
939,Ramesh,Wellness Tourism,3 Days,Kottayam,Local
940,Michael,Entertainment,11 Days,Singapore,International
941,Emma,Wellness Tourism,7 Days,Toronto,International
942,Michael,Wellness Tourism,1 Days,Paris,International
943,Harish,Agro Tourism,9 Days,Erode,Local
944,Liam,Relaxation Purpose,11 Days,London,International
945,David,Entertainment,3 Days,New York,International
946,Chris,Agro Tourism,1 Days,Maldives,International
947,Sophia,Entertainment,6 Days,Paris,International
948,Revathi,Relaxation Purpose,6 Days,Coimbatore,Local
949,Emma,Agro Tourism,12 Days,Bangkok,International
950,Chris,Agro Tourism,8 Days,London,International
951,Lakshmi,Agro Tourism,7 Days,Tirunelveli,Local
952,Prabhu,Relaxation Purpose,15 Days,Kochi,Local
953,Michael,Entertainment,5 Days,London,International
954,Sathya,Relaxation Purpose,9 Days,Trichy,Local
955,Saravanan,Relaxation Purpose,5 Days,Chennai,Local
956,Priya,Entertainment,13 Days,Kottayam,Local
957,Deepak,Wellness Tourism,2 Days,Erode,Local
958,Deepak,Relaxation Purpose,3 Days,Kottayam,Local
959,Anitha,Agro Tourism,12 Days,Erode,Local
960,Karthik,Relaxation Purpose,1 Days,Trichy,Local
961,Michael,Relaxation Purpose,9 Days,Singapore,International
962,Chris,Relaxation Purpose,14 Days,London,International
963,Muthu,Relaxation Purpose,5 Days,Kochi,Local
964,David,Agro Tourism,1 Days,Paris,International
965,Karthik,Entertainment,7 Days,Trichy,Local
966,Suresh,Relaxation Purpose,7 Days,Trichy,Local
967,Emily,Relaxation Purpose,5 Days,Toronto,International
968,Chris,Entertainment,11 Days,Dubai,International
969,Chris,Wellness Tourism,1 Days,London,International
970,Anitha,Entertainment,9 Days,Trichy,Local
971,John,Agro Tourism,6 Days,Sydney,International
972,David,Entertainment,13 Days,Bangkok,International
973,Michael,Entertainment,4 Days,New York,International
974,Saravanan,Agro Tourism,6 Days,Kottayam,Local
975,John,Relaxation Purpose,8 Days,Sydney,International
976,Liam,Agro Tourism,5 Days,Bangkok,International
977,Emma,Entertainment,13 Days,Toronto,International
978,Ramesh,Entertainment,3 Days,Kochi,Local
979,Emma,Agro Tourism,8 Days,Paris,International
980,Olivia,Entertainment,13 Days,New York,International
981,Sathya,Relaxation Purpose,7 Days,Chennai,Local
982,Suresh,Entertainment,15 Days,Coimbatore,Local
983,Revathi,Entertainment,15 Days,Trichy,Local
984,Ramesh,Relaxation Purpose,6 Days,Chennai,Local
985,Manoj,Wellness Tourism,7 Days,Chennai,Local
986,Meena,Wellness Tourism,9 Days,Tirunelveli,Local
987,Emily,Wellness Tourism,4 Days,Maldives,International
988,Sophia,Entertainment,15 Days,London,International
989,Suresh,Entertainment,12 Days,Kottayam,Local
990,John,Wellness Tourism,9 Days,London,International
991,Arun,Relaxation Purpose,8 Days,Thiruvananthapuram,Local
992,Revathi,Wellness Tourism,11 Days,Kochi,Local
993,Sophia,Wellness Tourism,8 Days,Dubai,International
994,David,Agro Tourism,15 Days,Bangkok,International
995,Arun,Relaxation Purpose,5 Days,Coimbatore,Local
996,Isabella,Wellness Tourism,6 Days,Sydney,International
997,Priya,Entertainment,5 Days,Kottayam,Local
998,Liam,Wellness Tourism,7 Days,Paris,International
999,Harish,Agro Tourism,8 Days,Tirunelveli,Local
1000,Michael,Relaxation Purpose,10 Days,Maldives,International
