S.No,Visitors Name,Gender,Reference By,Feedback
1,Deepika,Female,Social Media,Satisfactory
2,Ragavi,Female,Influencer's Video,Satisfactory
3,Rajkanna,Male,Others,Feel Good
4,Deepika,Female,Influencer's Video,Excellent
5,Manikandan,Male,Marketing Board,Satisfactory
6,Kavitha,Female,Friend,Good Service
7,Arunprasath,Male,Marketing Board,Really Like It
8,Prabhu,Male,Others,Excellent
9,Dinesh,Male,Marketing Board,Satisfactory
10,Samyraj,Male,Influencer's Video,Well
11,Balaji,Male,Social Media,Really Like It
12,Priyadharshini,Female,Social Media,Excellent
13,Ragavi,Female,Social Media,Nice Experience
14,Arunprasath,Male,Others,Loved It
15,Kavitha,Female,Social Media,Good Service
16,Manikandan,Male,Marketing Board,Well
17,Bhairavi,Female,Friend,Loved It
18,Balaji,Male,Friend,Satisfactory
19,Karthikeyan,Male,Social Media,Nice Experience
20,Divya,Female,Influencer's Video,Well
21,Anitha,Female,Friend,Really Like It
22,Karthikeyan,Male,Influencer's Video,Feel Good
23,Balaji,Male,Social Media,Really Like It
24,Kavitha,Female,Influencer's Video,Good Service
25,Samyraj,Male,Others,Nice Experience
26,Deepika,Female,Marketing Board,Nice Experience
27,Bhairavi,Female,Marketing Board,Feel Good
28,Sangeetha,Female,Influencer's Video,Well
29,Venkatesh,Male,Influencer's Video,Good Service
30,Prabhu,Male,Friend,Nice Experience
31,Venkatesh,Male,Marketing Board,Feel Good
32,Ragavi,Female,Others,Good Service
33,Deepika,Female,Marketing Board,Loved It
34,Priyadharshini,Female,Social Media,Feel Good
35,Karthikeyan,Male,Marketing Board,Well
36,Venkatesh,Male,Social Media,Loved It
37,Arunprasath,Male,Friend,Good Service
38,Balaji,Male,Friend,Really Like It
39,Prabhu,Male,Friend,Loved It
40,Saravanan,Male,Social Media,Excellent
41,Priyadharshini,Female,Friend,Excellent
42,Meena,Female,Influencer's Video,Excellent
43,Dinesh,Male,Others,Really Like It
44,Priyadharshini,Female,Marketing Board,Really Like It
45,Arunprasath,Male,Influencer's Video,Good Service
46,Arunprasath,Male,Marketing Board,Really Like It
47,Venkatesh,Male,Friend,Well
48,Rajkanna,Male,Marketing Board,Nice Experience
49,Kavitha,Female,Marketing Board,Feel Good
50,Dinesh,Male,Marketing Board,Satisfactory
51,Meena,Female,Others,Really Like It
52,Ragavi,Female,Influencer's Video,Nice Experience
53,Manikandan,Male,Influencer's Video,Feel Good
54,Prabhu,Male,Influencer's Video,Nice Experience
55,Ragavi,Female,Social Media,Excellent
56,Divya,Female,Influencer's Video,Nice Experience
57,Meena,Female,Marketing Board,Feel Good
58,Venkatesh,Male,Influencer's Video,Good Service
59,Anitha,Female,Others,Really Like It
60,Sangeetha,Female,Social Media,Well
61,Kavitha,Female,Marketing Board,Loved It
62,Meena,Female,Influencer's Video,Well
63,Manikandan,Male,Others,Well
64,Deepika,Female,Social Media,Feel Good
65,Balaji,Male,Friend,Loved It
66,Samyraj,Male,Social Media,Loved It
67,Priyadharshini,Female,Influencer's Video,Really Like It
68,Ragavi,Female,Influencer's Video,Loved It
69,Karthikeyan,Male,Friend,Loved It
70,Arunprasath,Male,Marketing Board,Loved It
71,Manikandan,Male,Social Media,Really Like It
72,Samyraj,Male,Marketing Board,Good Service
73,Kavitha,Female,Influencer's Video,Well
74,Sangeetha,Female,Social Media,Feel Good
75,Kavitha,Female,Friend,Feel Good
76,Saravanan,Male,Social Media,Good Service
77,Manikandan,Male,Influencer's Video,Loved It
78,Deepika,Female,Social Media,Really Like It
79,Manikandan,Male,Social Media,Loved It
80,Priyadharshini,Female,Influencer's Video,Satisfactory
81,Balaji,Male,Influencer's Video,Good Service
82,Meena,Female,Social Media,Feel Good
83,Priyadharshini,Female,Friend,Loved It
84,Karthikeyan,Male,Social Media,Feel Good
85,Prabhu,Male,Friend,Feel Good
86,Saravanan,Male,Influencer's Video,Loved It
87,Dinesh,Male,Marketing Board,Satisfactory
88,Sangeetha,Female,Marketing Board,Nice Experience
89,Meena,Female,Friend,Loved It
90,Meena,Female,Influencer's Video,Good Service
91,Ragavi,Female,Others,Really Like It
92,Priyadharshini,Female,Social Media,Feel Good
93,Anitha,Female,Others,Nice Experience
94,Lakshmi,Female,Friend,Nice Experience
95,Rajkanna,Male,Friend,Good Service
96,Samyraj,Male,Marketing Board,Really Like It
97,Sangeetha,Female,Influencer's Video,Really Like It
98,Meena,Female,Social Media,Satisfactory
99,Lakshmi,Female,Friend,Feel Good
100,Venkatesh,Male,Social Media,Loved It
